customer_id,name,email,join_date
cd2a9a3b-f7e3-4742-a428-11930c13837b,Brandon Frye,stephen07@example.com,2024-05-31
159119d7-7bcd-4cf7-8076-bf08b0b6687c,Jennifer Christensen,jacksonvirginia@example.org,2024-10-20
8e622fb6-e0e5-4768-b9bb-41e397cff322,Kimberly Hensley,jamie95@example.org,2023-11-15
cb4720cc-2c72-4ecb-8405-cac77ce864e2,Michelle Sutton,samuel31@example.net,2024-05-28
26a22adf-0fdc-424b-9458-8c550dcf9b1a,Jonathan Hood,dennis15@example.net,2025-07-21
32d3b63a-da6c-47e3-a133-85721b999bed,Bryan Valencia,william00@example.org,2023-09-25
b2e4ef2b-f748-4280-a2ae-99072a13fc48,Tammy Smith,chelsea49@example.net,2025-01-25
6d8070ab-68a1-4d69-acda-a67c70b05695,Richard Harvey,iwilson@example.net,2024-01-06
65b2c697-fba0-4777-bcc0-41ccbf50c1c9,Nicole David,lfarmer@example.net,2023-10-15
305a710f-a7eb-4944-9f9c-3b9170b7511e,Jennifer Coleman,zbarajas@example.net,2024-05-31
c87264e0-bb4f-44bc-8b85-f6199bc9afc7,Brittany Lewis,mdawson@example.org,2024-10-07
5c11895e-7c9c-48c1-bccc-23c610a26c5f,April Anderson,charles22@example.net,2025-01-16
62237b98-6dd9-420c-ac1a-f6debb47f120,Mr. Joseph Baker MD,william35@example.org,2025-08-28
36052a02-a05d-4c5d-9e4b-08c9db63e5e3,Monica Ryan,eatonrichard@example.com,2023-12-01
e91207fb-384f-4022-9cbc-04ce8e1bb21c,Andre Alexander,murrayanthony@example.net,2023-11-16
26b95f52-a83a-47d3-82cd-3fa69701c437,Renee Robinson,castillosean@example.org,2024-06-20
889700f0-7b50-4aa9-9aca-f31261232c71,Robert Jordan,daniel24@example.net,2024-01-27
16d8ab83-3c40-4ffa-a2d6-c7d38ecb20f9,Susan Sullivan,fpark@example.net,2023-09-24
d63a75e7-0e71-49e5-8c7d-9500a8caa23d,Michael Perry,andrewcooper@example.net,2024-09-26
46338e01-abb5-4116-a6ed-48f1061a6580,Michael French,jerome20@example.org,2024-12-03
fd85b46f-060a-4a6e-8760-855d6096d0b7,Patrick Clark,jcollier@example.com,2024-02-14
39531163-7206-4f16-badb-410aa502445e,Sydney Anderson,angel08@example.com,2025-05-15
2a43af36-b703-4c22-b918-fa8a2334c3cf,Jessica Holt,acostacourtney@example.net,2024-05-12
28a1a1f6-ca27-46c9-9451-d317992b4ca4,Curtis Fisher,christopher54@example.net,2023-10-23
292d0b62-872d-4db3-97e5-43bb0045ac9c,Stanley Taylor,cindyking@example.net,2025-03-13
19a83560-06bf-4724-8eed-5952b3fdfbd5,Robyn Brown,douglasmiller@example.com,2023-12-31
f9830828-ed54-4a3c-be85-5ffaaaaf69cc,Briana Hensley,wallacecharles@example.org,2025-02-14
15f495f7-6073-45bd-b43a-74a378bb7ae6,Tara Holt,gcarter@example.org,2025-08-23
0ebb2958-501b-47dc-93ae-b1a1db616aab,Andrew Garcia,amandaanderson@example.net,2023-10-27
9cf2c19a-63ef-491f-82ef-ecd8335d49b6,John Hester,sharonaguilar@example.net,2025-03-17
87d71e99-786c-48d5-b701-c1ce39bc9fcd,David Foster,contrerasdaniel@example.net,2024-12-09
44276c2e-7728-4c15-9d11-b5ec808857cb,David Johnson,youngalexandria@example.org,2024-12-23
ae72084e-de73-41c4-93ef-7c1b11d3cec5,Pamela Scott,nherrera@example.org,2025-02-20
a6f1cfd8-774c-47ac-8bf3-2d0998dc322b,Robert Trevino,smithkelly@example.net,2025-02-08
2a4cb158-96a6-4a0c-a2cf-22d079a4a7ec,Robert Ruiz,catherinehorton@example.com,2024-10-04
c647992b-bc82-49e7-b749-65dd9a6c11e0,Sean White,chambersdavid@example.net,2023-12-12
aeecdbba-a4e7-447c-99a2-e83272e1411f,Derek Wilson,hopkinsdavid@example.org,2025-06-19
5b5684bf-a562-4142-b01e-91482afb388a,Stephanie Cooper,sethbrown@example.com,2024-07-21
e5512435-b405-48f7-929a-7bd21c564b48,Cody Harris,melissa84@example.org,2025-06-26
451f3954-343b-4459-9ae7-ba8788efae1f,Mark Rodriguez,karensmith@example.org,2024-12-05
12137dde-a607-4bcd-a03c-d72b569740ef,Henry Farley,silvamatthew@example.net,2025-05-06
e18ad274-737e-49e0-bbc6-7abf9f3be775,Diane Obrien,wflores@example.org,2025-02-25
37d820e9-3dce-45ec-8da7-77876170adf7,Melissa Young,uortega@example.org,2024-02-22
dc352010-3ef7-4eaf-afd1-04cf72a90938,Lori Green,hillwilliam@example.com,2025-09-10
c0f8f236-565d-408c-91f6-a7adc775d100,Joseph Craig,parkcourtney@example.com,2024-08-30
1d2dbae4-c9a4-4360-b995-5a926f2ea033,Elizabeth Mendoza,kevin24@example.com,2024-01-12
55fc6e8d-b8a9-46d9-ace0-9d420b0c1065,Kim Wright,reyessherri@example.com,2025-07-04
d2379c2d-b328-4287-84d1-26e55e03fa18,Andres Miller,jacquelinedavis@example.com,2025-09-06
d54cd52a-1852-4091-a2f3-a7402dbc2e68,Paige Rowland,johnmcdaniel@example.org,2025-08-29
c5be5783-2e2f-43ca-afc5-7909f54f0899,Robert Jackson,lisasanchez@example.com,2024-04-14
3ae97c90-9313-4319-a72a-37bb96d245b0,Pamela Stanley,jonathan36@example.com,2024-05-25
39a8f2c8-c4d3-4767-a95a-e541e8c4398e,Courtney Bailey,ericallen@example.com,2025-03-07
0ea523a6-1c31-46f9-8c60-e5dc976ea7de,Heather Black,ijames@example.com,2024-09-16
99451c24-6b49-4a10-b0eb-5b94804dca75,Michelle Johnson,woodwardjonathan@example.com,2024-12-27
7faf02d8-92e3-4295-89f5-42b3b967b9e2,Aimee White,joshua65@example.net,2025-07-25
aa987be7-f8f8-412a-af70-9790657c9c9a,Timothy Banks,charleneramirez@example.org,2025-04-27
3f4a55d4-de20-4ff4-a1ba-4c62a537af28,Christopher Morgan,brianblackburn@example.net,2025-06-28
502facc0-632a-4860-bb75-0724252a0b7c,Bradley Warren,ebryant@example.net,2025-05-25
65565578-b5bc-46cf-b379-ea064191fe77,Jessica Ray,michaelsmith@example.com,2025-04-20
b598c0af-afbf-4905-9c64-bfa75880e132,Michelle Duncan,alexander45@example.org,2024-11-26
96487a54-4dcf-4276-99ad-a0e801e2a27b,Scott Reeves,wross@example.com,2025-03-13
ab007984-fb28-4ba4-814b-612753cdd5a1,Dennis Brown,hannahwatkins@example.org,2024-01-31
d954bfb3-5b2c-4690-b732-8160dbb3f1f2,Darlene Roberts,popejohn@example.net,2024-08-17
54dc03e0-1f0d-44db-9c18-0b216f83495f,Casey Rice,michael34@example.org,2024-11-22
e360a65c-cabf-4cea-8730-5c563f5e67d8,Kendra Brown,haileytodd@example.com,2024-08-26
640da830-1560-4c16-b08f-dbcb8e07408d,Jessica Jones,peterwhite@example.com,2025-04-17
2ceef06e-53c4-4ffd-96e4-d8ac207d95bb,Charles Hart,robertschneider@example.net,2023-09-27
ef9d2b92-4c5d-4e5e-8e37-22e9a9de8cc0,Maria Rose,eric17@example.net,2024-11-11
263c3059-165b-41c2-ba99-fabe1735afaf,Kevin Frost,valerie73@example.org,2025-03-05
5f2e1c37-3836-4795-8b6c-b3a113b2902a,Samuel Estrada,alan74@example.com,2024-10-13
b8646311-6486-4858-a1f6-0b81b8a2f3ab,Nancy Maldonado,bethanyrojas@example.org,2024-07-28
74908cfc-40b3-4cd2-bdc5-ddeb6d3ee3e5,Katrina Peterson,colonalexandra@example.com,2025-01-29
2fb13878-554c-4d42-bb8b-b8c3266200ac,Renee Estes,frank78@example.com,2025-02-18
7ca8e3f9-3072-4e2b-b657-b06dbdffa22b,Alexis Walsh,penny61@example.net,2025-06-15
49c73a9d-2fa0-4367-9dec-501abf9d27a2,Brandon Bates,smiller@example.net,2025-08-03
182d846f-197a-415e-9a59-925bea8dbd9c,Brenda Thompson,stephen75@example.com,2025-05-24
80521dc4-b55a-40bf-b059-1405d263db4a,Katelyn Hall,brettbeasley@example.com,2025-02-08
16124f61-2af9-4a32-b5aa-efdd406551e8,Morgan Esparza,kimberlysavage@example.org,2023-10-03
d7eb2d58-9b13-442b-8061-57c22d3e7e68,Christopher Nunez,lisa16@example.net,2025-02-14
6458a1de-12cd-4222-89c0-80919b57f2c3,Danielle Mills,bcooper@example.com,2023-11-18
569e9256-70fa-4222-8d9a-7c5ceaa53d82,Justin Kaufman,beardlawrence@example.org,2024-11-08
9d680749-c88d-4596-b1ab-41cc4858513d,Samuel Walter,jill44@example.org,2025-02-06
a587be20-4cda-49c9-bd92-9d985bc02846,Jorge Cook,frenchmartin@example.org,2025-05-22
d7ea5b52-ecab-466c-afb6-3cf99f064004,Bridget Hernandez,dawn27@example.net,2024-01-15
ce969df4-cdb6-4060-8a36-b83232c21999,Diana Neal,davisnatalie@example.com,2024-03-31
053cca60-633d-42a0-befd-b71169b438db,Gerald Kline,lewissean@example.net,2025-08-13
d711c527-97f4-4f2d-a182-7c599e7d4b0f,Sandra Huang,kinglarry@example.org,2025-09-10
41a55aec-acb9-4621-8dff-9074d26b9a8e,Larry Smith,smithmarie@example.org,2024-12-22
a510d844-1768-4818-9525-68e5711b43b7,Sean Brown,elizabeth74@example.net,2024-07-30
fa886b64-62b1-48a1-a558-6e1d0a8a942e,Wayne Rodriguez,apark@example.org,2025-04-01
da9aab0a-5f40-43c6-95e3-ca06b390104d,Katelyn Butler,john23@example.com,2024-06-20
82d3a004-bd9a-47db-b13c-884b1e46158a,Jillian Harvey,alicia71@example.net,2024-11-16
c7819f72-b63e-436b-87c7-9f9038be0ed2,Julie Hart,lauracarter@example.net,2024-09-12
82551653-a784-4c82-9ad2-543ac9f03d4f,Megan Jones,mendezbenjamin@example.org,2025-02-21
fe4d6f82-dfac-4eaa-b64e-a0c66d65c0f8,Anna Scott,tstewart@example.com,2025-02-06
60df7fde-0180-40a5-b70f-79f337f464bb,Maria Oliver,andrea07@example.com,2023-10-09
b59b5c5d-cd0b-4362-a326-5eca88958ecd,Kristi Kennedy,tsanchez@example.org,2024-07-06
351ea71a-bbe7-44bd-be19-8c9ec89d4d15,Michael Finley,meganacosta@example.org,2025-05-14
66c591b4-7df4-4836-8f52-1401f7afd29c,Natalie Wilkins,guerreromitchell@example.net,2024-04-01
96c88421-31f1-406b-9df9-cd9ccaf45905,Anthony Meadows Jr.,ncastillo@example.com,2025-04-28
456c17a9-28ea-4f5b-a262-3336ad00828d,Samuel Mendoza,wardkayla@example.com,2024-08-08
8c2f19fe-3ae4-402c-aa2b-3c868594ef90,Luke Wilson,christopher16@example.com,2024-09-19
ebe1f9c0-b5ae-436b-8f98-9845ba43596d,Rachael Larsen,manderson@example.com,2023-12-31
8fcff779-9b53-4cc9-a82d-443b721b20f2,Emma Meadows,charlesreeves@example.net,2023-12-16
f2acd4b9-f49e-48b8-b3f4-540fa2633d27,Jose West,penatimothy@example.net,2025-08-02
9fb14344-b764-40a4-9a31-542306166bbc,Catherine Brown,imartin@example.com,2024-11-27
a718921d-e825-44af-b650-58b472d2f904,Christopher Ford,amorrow@example.net,2024-06-11
17b89728-1b20-4c3e-b00e-fc6c3a1569a9,Jacqueline Cruz,debra37@example.com,2024-11-14
f8219a5b-bf26-40f8-b00e-3584bc112a7f,Christina Howard,thompsonmanuel@example.net,2025-07-17
48083a4b-cb6f-46e2-a7fc-48cc1eef9e25,Gabriel Garcia,kristinaavila@example.net,2024-03-11
8abe79f3-4fdb-4325-8f9c-e205203c6ba9,Matthew Wagner,zpeterson@example.com,2024-05-27
898e7b24-d7a0-44b5-a765-abde21701407,Nicole Rogers DDS,richardbryant@example.com,2024-01-06
e7877a1a-99d8-492e-9bc5-7803cc33ac59,Jennifer Moss,angela78@example.net,2024-10-24
89c1ef82-eddc-4b20-a0b6-a02e68250ed5,Carolyn Garcia,kayla30@example.com,2025-01-28
fc403533-a521-4223-a94a-736071f38f2a,Angel Parker,steven57@example.com,2024-06-20
752ebd68-9bfb-4f2e-bbc8-6d3cae4c9bfd,Fred Powell,jocelynolson@example.net,2024-07-04
d2a9dc8d-b620-49b2-a8bc-07125c698771,Amanda Garcia,francobarbara@example.org,2024-02-10
fada57fb-4954-4254-87f7-7ae971d62783,Timothy Mckee,millerlisa@example.net,2024-08-19
b274a775-8e78-42d4-87f9-08099f53d0c5,Gary Martin,bjackson@example.org,2024-10-28
910591d6-10b8-4c48-9f46-0289279abdc3,David Walker,anthony83@example.net,2024-02-19
618b7e16-7e2e-4b44-93d2-808fa10b97c2,Matthew Bailey,piercebradley@example.com,2024-11-02
0c212a77-681c-4102-988d-8f7107a3e546,April Case,mcgeeangel@example.com,2025-07-22
72215378-61b1-4160-b908-ae6e4adcf0bc,Loretta Jones,underwoodchristopher@example.com,2025-02-26
66e5ccab-5658-4957-aa9c-76063ef1a1d7,Samantha Williams,martinezangela@example.com,2025-04-27
25d1c796-3324-4532-bf85-c21183e308bd,Jill Ferrell,browncrystal@example.org,2024-02-12
0a876e0c-46e1-4bf0-baaa-5eb81bc0fd2f,Joshua Watson,mannmelanie@example.com,2023-10-13
05bc8374-d51f-421d-b030-ca9db53e323d,Mark Owens,ryan59@example.net,2025-05-23
fb88fcb4-c3b4-4237-86be-fa456eaaec74,Holly Tucker,lloydthomas@example.org,2024-11-24
d52f1adf-91b3-4e24-a8c0-3825060a0d81,John Mueller,coxtravis@example.net,2024-01-08
2754b4fa-1b9c-4bd5-8174-b17e26fcc93c,Robert Perez,joseph65@example.net,2024-08-09
3113ab10-5f02-491a-a298-c25964f7a679,Teresa Wilson,igonzalez@example.com,2024-11-04
ad31d972-1476-4b39-b987-2ba68fc0dc60,Emily Taylor,jacksonmatthew@example.net,2024-09-15
e03d950b-fafc-4241-8f32-a45e27b688e4,Sheri Kennedy,perkinssean@example.org,2024-11-15
f278758c-298c-455b-b138-29dd86529182,Katrina Figueroa,ystevenson@example.net,2025-08-03
bf2da422-6394-4f87-8ef7-7da1642c6439,Brittany Solis DDS,jonathanbennett@example.com,2024-03-24
a527e003-9fe5-464e-b5e4-88b10b9258c7,Lisa Campbell,kristinawallace@example.net,2025-07-31
c2829bee-ebcf-4978-a7d2-fbadc17e26ac,Christopher Perez,virginiabrown@example.com,2024-12-23
d89b1a52-0edc-4822-a00c-4ab0a81f207d,Sara Reese,susanmiller@example.org,2024-11-02
9f8171a9-d5ba-4f07-8bd8-91d3616bfe6f,Anna Garrison,imckinney@example.net,2024-06-26
2c23693c-9ab1-4580-ae5f-46a49325683f,David Moran,daviscassidy@example.net,2024-11-28
b8811957-b415-476e-b505-914090e6ab59,Ryan Byrd,lspears@example.org,2024-01-24
88c7c3c8-d583-46b1-b219-e59bf1f535ad,Calvin Dorsey,freyandrew@example.net,2023-11-19
e45111ab-4880-47f6-8fe9-c6c3201d807c,William Clark,beasleyeric@example.com,2024-09-04
9f2bd8d0-d6cc-4ba7-a942-df1abbc2b0c8,Darren Reed,juliemullen@example.net,2025-06-28
2e2d8fde-2059-4c90-b1cc-a0aa3e6372e6,Robert Bennett,xharris@example.net,2024-04-15
d1b49762-2ba1-4eb5-bdee-8514e504e900,Jacob Newman,patricia22@example.org,2025-02-09
4463a488-2d54-4b68-af5d-f8fb6f2a3f45,Tiffany Smith,alexander89@example.org,2025-06-09
73f15789-5e3e-409d-84cf-39db559c0371,Christine Matthews,mollyacosta@example.net,2024-05-08
a4bb2b54-9c7d-4146-8fc6-f066f8090b3f,Jennifer Nguyen,mooreandrew@example.org,2024-08-22
e6a13a95-e7d9-45ca-ac61-199bac49861b,Jeremy Moreno,morgankelsey@example.net,2024-09-11
dbaba6d3-7ad1-403d-86ed-c3478b876ba4,Stacy Obrien,pthomas@example.org,2024-10-15
5600b28e-adf0-4222-8ff7-8efe26abed44,Charles Moore,zjefferson@example.net,2024-09-13
4fc41356-5484-4de5-9efb-3bfecb03d362,Brian Grant,hatfielddonald@example.net,2025-09-06
f82746f1-edfc-45ba-ad81-f24e577913f7,Aaron Reed,thomaserickson@example.net,2024-12-16
8843bd17-59b2-487d-b641-6102f7c7d47b,Luis Little,canderson@example.com,2024-12-19
701ede2d-942b-4f86-9c9d-79280b79fbba,Melissa Alexander,skeith@example.org,2024-08-22
32bc3b25-7ab5-435b-add3-d5580742862c,Kimberly Gonzalez,nholder@example.org,2023-10-23
7653b764-411f-4cb3-a3a1-3e2bf9de13fb,Elizabeth Keller,jyoung@example.net,2024-03-15
1d124739-a972-4cc2-8e1e-063eae46c599,James Spears,obates@example.net,2025-04-07
b8a723b4-567b-4e4c-81e8-3a0e4cdde345,Julie Walker,allisonmcdonald@example.net,2023-09-25
b90c63c7-fb46-4e0a-a1c6-b0e87054764b,Alyssa Reid,melissa69@example.com,2023-10-24
8e95fec1-3ed2-42d8-b281-9def30456e71,Heather Brown,allisonolsen@example.org,2025-08-06
9fc98ca9-7c0f-47af-a642-fed4dcf1c412,Samuel Garcia,higginsrenee@example.com,2024-06-20
d8f2d3c1-9c8f-4567-b5f7-24f246fc0827,Breanna Lee,stewartregina@example.org,2025-02-04
5c3fd122-d242-4bc4-a0fe-dc37230debf8,Melanie Mullen,cliffordwilliams@example.com,2025-03-09
99177f44-f4c0-477b-9ecb-ed16f7d37916,Toni Roth,james35@example.org,2024-11-11
5499abf1-a06b-460b-aba5-936a78304773,Robert Barnes,kennedybrandon@example.org,2025-08-30
08d5f24c-15f9-4d73-a65d-9c666417d339,Bradley Pratt,hgreen@example.net,2024-12-27
0b29f04a-ad93-4693-a7a1-4de85b2b29a9,Shane Johnson,oscar89@example.net,2024-12-04
30a7081e-13ed-47ca-9235-3e95fa849b01,Donald Hill,hallalexis@example.com,2025-05-11
451bfdee-408e-4d97-965d-e9deffa38f63,Madison Flores,trevor09@example.org,2024-07-04
37536613-7fad-4aeb-9565-3322731118cd,Christine Collier,goodmancharlene@example.net,2025-03-27
0b824418-a849-4620-b61b-894d96d7e7ba,Robin Johnson,scottgregory@example.com,2024-07-25
f6cfd90d-0242-4955-a86d-571f70fe95eb,Russell Thomas,racheltorres@example.com,2024-11-12
6e09cb81-0c70-4624-822a-3183ad8f5cf8,Brian White,paulmiller@example.org,2025-05-10
9d262f4b-f172-4670-a8ea-a649de8fdbb7,Christina Lewis,burnsalexandra@example.net,2025-02-09
0c9ac50b-30d6-498c-badb-95d609b39617,Karen Richardson,tvazquez@example.com,2024-11-29
56708961-4932-4402-8ffd-bcfc27f73849,Vanessa Oliver,tammyrobertson@example.net,2024-03-01
12f23cb8-2b34-4f22-8aec-a7c8a234dfcb,Andrew Vargas,fischerashley@example.com,2024-10-18
dd077e12-0206-4c9e-a5b0-da45601b5949,Terri Holmes,hickssamantha@example.org,2024-08-28
7b5e1071-736a-47ab-93e9-74a90d426a66,Patricia Kim,shannon26@example.org,2025-07-03
35037543-9ee8-444e-85fb-e2f97a9a355f,Erika Smith,marccaldwell@example.net,2025-03-03
a9ec10c2-bc63-493f-8bfb-7cbbb56832aa,Tyrone Lewis,loganjohn@example.org,2024-06-23
f9f44343-eb40-41db-a7fb-3681c4075504,Audrey Wu,martinezronald@example.org,2025-05-31
e480d6ec-fa47-46f8-86a9-d242cb30b082,Jerry Mann,kelly66@example.net,2024-03-08
457503b4-bac9-4241-960d-a48afee3a2bf,Scott Gaines,bradley92@example.net,2024-02-28
21a1b6cf-67ee-4a77-bffc-ef4dcf55cee3,Jason Moss,dawnsmith@example.com,2025-01-27
0be9cad0-6648-42d1-bc6c-cb05fab7da30,Virginia Bush,danielle32@example.org,2024-04-05
8cbd9ee1-d559-4de8-bf2d-40af239db05d,David Brown,jennasmith@example.com,2024-12-21
3f74cc21-f892-4db9-86af-5c738390db58,Danny Powell,michele52@example.com,2025-03-17
80057f07-f196-4c83-b9cb-ad6b7f5046ff,Casey Richards,christopher03@example.net,2024-11-20
efd2a15d-730f-4147-ab2e-386fb4de251d,Charles Torres,greendavid@example.net,2023-11-08
a01820d8-3b66-4d9c-9ecd-97445ebfc4d9,David White,elizabethguerrero@example.net,2024-12-25
dc92c42c-8946-4f69-be22-80cf63db47ba,Jamie Bush,oalvarez@example.com,2024-05-07
eff64410-4b2e-4542-91a1-65c048f9189b,Kimberly Smith,nhernandez@example.org,2023-12-29
002ffc65-a05a-4dcf-8d21-0ee70c8f900a,Bryan Herman,jonathon95@example.com,2024-09-27
e2f19b1f-955e-4b7e-b424-268a457dac9d,Mr. Terry Simmons,tolson@example.com,2025-05-30
fdebaf04-93bf-49ea-acde-34be966cb843,Danielle Salas,catherinehoffman@example.org,2024-04-10
bf5c0f1a-edb8-4a00-be8e-22b9231f8d3c,Nicholas Harrell,lynnmitchell@example.com,2025-04-26
d9f16019-a0c1-4ce6-ad28-3c72756c1cd1,Ashlee Warren,christina07@example.com,2024-09-26
428c7d0f-699e-4ebb-8402-053e134c61a7,Jennifer Warner,heidi09@example.com,2023-12-30
08efb2bc-6b69-4d56-8c31-4c719b16f6f7,Angela Miller,natalieevans@example.net,2023-11-04
2dc0c336-bba2-4ad1-905b-038183c4c67f,Kelsey Marks,qbaker@example.net,2024-12-26
01b6dc2e-5027-4b20-a15f-87920cd5426d,Charles Browning,abailey@example.com,2025-08-06
84b27216-733a-482a-85eb-78873426f24e,Rhonda Thompson,qmaldonado@example.com,2024-05-13
2aefffe9-17c3-4630-b599-3e53e53568f8,Aaron Cummings,greg39@example.org,2025-04-19
f3aeb89f-bc8a-4b9d-8430-d2fad705320c,William Byrd,joshuasimpson@example.net,2025-02-25
f3e31434-8257-4381-87c6-46eeaf5e7778,Kenneth Jefferson,alarson@example.net,2024-09-21
1b76203c-c631-47e2-9052-36e6c5a25ce9,Tiffany Hernandez,robertcollier@example.org,2025-08-20
769e1243-8dc5-4d39-82de-1481972dd8a9,William Ward,lovelaura@example.org,2023-11-17
8a342621-af52-4ecc-a82a-eb9363f580ea,Louis Carter,davidhall@example.org,2025-02-16
f1d852cc-0507-4718-bc1c-d41a9b9bfbbd,Cassandra Turner,amber88@example.net,2024-01-29
7dd414ab-75c4-4a19-9040-ce150b30b692,Logan Oliver,brian15@example.net,2025-06-15
a188bb5d-0b80-4263-94ac-70407b37eb97,Antonio Hernandez,michaelwatson@example.net,2024-01-25
fb306459-6f43-4cc2-9d46-b677297a9b12,Victoria Gonzalez,nkim@example.net,2025-03-14
dca289d3-5213-4bd8-bf5a-20f330e284cb,Scott Tran,rosefred@example.com,2024-07-29
b2ebb989-9f01-4fd5-8cc9-12d3dc2a02a7,Jennifer Bennett,kingmary@example.org,2023-12-29
2d3eb63f-9c1a-4c7f-b820-44940e396432,Rebecca James,pollardchristopher@example.org,2024-03-29
e2f3d88c-3472-4d53-8299-cf8868638b19,Jonathan Arnold,freemansusan@example.com,2024-03-06
dcf7bdb6-8425-4ecb-9459-332884ccd7ad,Bryan Moore,timothy67@example.org,2024-05-06
f8ea6db9-93ee-42c7-9ba9-750b963c7ebb,Debra Hunter,albert49@example.com,2025-01-15
082b2ef4-45b5-48c5-aef9-95b6c824ce6c,Madeline Boyd,bmiles@example.org,2025-07-03
d142198e-695a-45f3-95c8-5071eac78acf,Julia Leonard,mirandagould@example.com,2024-06-29
14ff057c-e528-4446-bb85-5303c9dc6345,Thomas Barber,millerheather@example.net,2024-07-19
d521f1c9-3429-473c-a432-e5cf79bc4bd3,Dr. Tina Richardson DDS,fharris@example.net,2024-10-10
41cda778-bb89-40d9-a73f-119648973bb1,James Turner,jackswanson@example.com,2024-12-12
bc95d3da-0fd4-444b-b861-e8c06291e38b,Miss Jade Simpson,duncanrandy@example.org,2024-12-02
c42fdffb-2a53-42bd-a0ae-f6d797c84f34,Patrick Brown,umorris@example.com,2025-06-23
7067a47d-a21c-4812-9ce9-e5d591dc52c8,Justin Schroeder,jonathan86@example.com,2024-12-16
d8c47cf5-1b8a-4ddb-8e6b-3b0b59135b4c,Diana Evans,dominguezjames@example.net,2024-07-30
12c34a53-455c-4196-b613-7fadc9e34a07,Monique Evans,josephfaulkner@example.net,2025-01-08
0ef1bd6e-46ba-42dc-a37b-181928ccf5b2,Lisa Weber,mholt@example.org,2024-06-29
5e885d3e-f7c2-4c5f-be20-b0ea99251313,Melvin English,harristracy@example.net,2024-05-09
4cc720ac-82e0-4b61-b0df-d20c6ec69bf6,Ryan Hernandez,garciacynthia@example.org,2024-01-09
a4a044e7-82b9-4850-baa0-fbcc88d9b7b8,Sean Guzman,brittany09@example.com,2024-08-13
86ef82c0-a0b3-4ee8-b4af-908ee771b9b1,Allison Harris,vbrown@example.net,2024-07-28
9f8f2c62-ddac-4a2e-ac2f-f84a73e23cc0,Leslie Palmer,ronaldhartman@example.org,2025-07-14
2fd4280a-f100-44b7-aeea-0ab36276a1ce,Donna Martin,elizabethcook@example.net,2024-06-27
acbf8918-f186-46df-8146-5082ff1b3cf8,William Cross,barbara76@example.org,2025-05-05
047d53a2-dbcd-4de6-b8da-b2bd2af41b76,Leslie Brown,ysingleton@example.org,2024-05-07
2070a4dc-12f1-4c91-bcb2-bfb8a02437c7,Mrs. Brittany Jones,jonathan07@example.net,2024-10-11
24e4ca42-d3be-4ce2-9f2f-a9d7275c6a37,Brittany Prince,xmedina@example.com,2024-12-22
1319f90f-2ce1-40c6-8042-d1f5008705fc,Emily Pineda,rcraig@example.net,2023-11-29
d13cd6ea-eaa0-48c8-81f4-a48823aae0a0,Scott Kelly,antonionavarro@example.org,2023-12-16
bd710141-86d7-4aeb-9b0b-30a5d6a60409,Jaime Henry,gsmith@example.net,2025-01-01
ce55f2f2-d722-43ae-858b-9efae86edd10,Lori Brown,taylorwilliams@example.com,2024-10-20
706d093d-cfb7-4b05-b1c5-0c6804e22deb,Lisa Sandoval,martinezamanda@example.net,2024-03-08
946d23cd-2362-450e-ade0-2aa06c3862e3,Scott Baker,carrolledwin@example.org,2025-01-23
f5b91254-fd72-44dd-8980-f5e5063f4e30,Yolanda Carter,kristinamartin@example.net,2025-07-28
24bcc0b3-8ca6-4a13-94c5-e01c08008675,Kelli Johnson,xfox@example.com,2024-06-30
444daa4a-996e-4ec5-be0d-865f97872074,Shannon Terry,fweaver@example.net,2024-01-07
f1893e7f-e4fc-4c2d-a9be-477c2094c61b,Christopher Mclean,jimmy39@example.net,2024-02-01
142dcf00-e358-4427-abf9-23bd349d59ec,Amber Sampson,rebeccaduran@example.com,2024-01-17
aab3d809-d4c0-4836-893b-896af1d7f980,Timothy Lamb,onguyen@example.com,2024-06-03
8b5be968-7f5f-4079-a07f-0efea0f3d797,Steven Jones,john82@example.org,2025-01-01
36019f1d-c469-4124-be30-15ddbfac2697,Wayne Gallagher,matthew40@example.net,2024-04-30
4918446c-1e92-403d-a9cc-2c485a3583e6,Michael Williams,ugray@example.com,2025-01-20
fca8d7fb-2be7-4bec-8008-aae6d7cbea2c,David Rowe,jtorres@example.net,2025-06-09
211ca3ba-417d-47f2-9666-2959ea475d5e,Brandon Duke,xmarshall@example.org,2025-07-26
5198d11e-423a-4e13-bebc-0a51c15d24ea,Michael Weaver,njohnson@example.org,2024-05-16
a4faad99-1d66-4b7d-a7de-03b8a7e40eae,James Hanna,kimberly02@example.com,2023-10-02
54bb7a55-8564-41bc-8ccd-98b1e0087143,Christopher Johnson,ramirezbilly@example.org,2024-12-13
e8ad07dd-fc78-49a2-a2c7-5893a519e065,Jason Dickerson,thomasjones@example.net,2024-04-06
8b3d75b4-52c4-45ab-b89f-462a8762b60e,Jonathan Howell,ericksonerik@example.org,2025-05-01
f676dc07-4eb0-4c9e-97a3-cb54728bbf08,Micheal Reed Jr.,larajames@example.net,2023-11-01
42fff128-c22a-4cd3-b938-e7d93fa2dbfb,Donald Mann,kaitlyn11@example.com,2023-10-22
4f8582cd-f8f8-41db-8557-3fa617cdfd8f,Brittany Porter,mirandajeffrey@example.net,2024-04-05
9ce39eae-9389-46e6-9a19-e5bb37d93272,Katie Austin,robinsonjason@example.com,2025-08-06
fc9ee393-9c70-4502-8138-991e0ab3304a,Suzanne Rice,richard32@example.com,2024-10-25
d0d4a881-3313-47ac-b4d5-7a047c55871c,Jose Webb,christinemiddleton@example.org,2024-06-14
f64c2462-9229-4f9e-bd4d-455d2522ec5f,Melissa Taylor,paula52@example.net,2025-08-21
b4705707-d107-42c6-89b5-9c58acc237d6,Steven Kemp,masondiane@example.org,2025-07-09
350544ed-8fdc-4991-8275-322366878ebb,Sandra Choi,alynch@example.com,2023-09-25
4145b558-585c-4a77-9423-47c3c41b8e96,Katherine Davidson,hallchristopher@example.org,2025-02-27
2bd9d652-b676-45a0-b643-43788b22bc34,Grant Clark,alexander56@example.com,2023-10-16
af77dc05-e686-4fc7-94c8-5078500a9fc6,Scott Williams,rochajoseph@example.org,2024-10-14
c3b15de0-915e-4317-9b18-f27db8a89d4a,April Smith,littlemelanie@example.com,2023-12-01
b0a3183a-fb34-4a58-aad7-8922306927f1,Tiffany Cruz,chadrasmussen@example.com,2025-01-05
549428c8-851d-4a92-8d0e-9a079ba6a923,Laura Williams,lestersharon@example.org,2024-02-18
0451d4b8-879e-4349-bb32-096f08e3d211,John Jordan,collinskyle@example.org,2024-11-04
24430f8b-8236-4769-903d-359e6172d495,Nicholas Lopez,brownscott@example.com,2025-08-06
2102adc8-5dae-4b92-97d1-976dba00232c,Pamela Carr,joe33@example.com,2024-04-02
c9875790-acea-46a5-9f03-a87fa36c7848,James Cooley,ianperez@example.org,2024-09-19
2cb829e3-a2c0-4054-b681-fdb7ef6e6859,Ms. Wanda Casey,ycompton@example.com,2025-02-05
71f9fbb3-e31d-413f-bbfc-a1f5a9826ca3,Mark Arnold,stevenmathis@example.net,2024-02-19
feb36afa-cfe0-4006-bcd1-e1edf829f838,Alicia Simon,esosa@example.org,2023-11-12
7972da11-fa50-442b-ba91-dae399c55c0f,Michael Johnson,ofoster@example.com,2024-09-18
2c3f76f4-d644-4e19-a37e-a3fe9a7be558,Timothy Johnson,ryan64@example.org,2024-10-24
b5e6d022-bac8-4a19-815d-5622381fc9f3,Kristi Brandt,kelleyjeffery@example.com,2024-06-11
6e1580fc-56c3-4431-982f-0ea58c3f8944,Paula Day,tiffanydavidson@example.net,2025-01-24
bd69e559-a093-4642-9f4e-47dbcccd6d76,Bryan Berry,eric62@example.org,2025-02-12
94869737-a2e1-433b-9bae-8bff70d3b92d,Mark Bennett,donna59@example.org,2025-05-14
9449c2e8-93e0-429d-92da-28af4b65ec1e,Jamie Gallegos,stephaniehaynes@example.com,2023-11-06
d45c0206-fa50-47f0-b830-db214bacd2f9,Nicholas Khan,jessestevens@example.net,2023-11-09
a2500966-fb77-415b-b34e-47b9168f29ba,Heather Hernandez,vincent99@example.com,2025-07-07
c7e18b59-41bf-4419-b60d-317cb9e1bf49,Susan Ortiz,andersonpatrick@example.com,2024-08-04
b9bca020-cf32-43fb-9cbd-5d3a26f8f900,Keith Davenport,joseph36@example.net,2024-05-03
8720e3d9-4f3b-4a44-8696-32821576493a,Rebecca White,qwatts@example.net,2024-04-28
06cf57a7-bdae-48a5-a713-c211ed890c0d,James Frye,ryankramer@example.com,2025-05-04
dd72e9cc-7f09-4cba-a55d-6854150fceed,Nancy Woodard,whitedaniel@example.com,2025-07-07
7a24cd24-4e56-4162-85f7-37545acca285,Gary Jones,danieljohnson@example.org,2024-03-09
8a3a8b16-20de-4046-b47c-9dd4d90d29f1,Dr. Wyatt Taylor,andreaevans@example.org,2024-02-12
47848ffc-ce31-491e-b7da-e3fdde707ca8,Jonathan Sherman,rossderrick@example.net,2024-05-31
6b950b4a-cc33-44eb-adec-e6f71ba7fbe7,Karina Riggs,muellerkayla@example.com,2024-12-01
4d88b450-55d5-4a27-b922-a0d8db18d819,Michael Ortiz,kevin64@example.net,2024-01-05
9ef317d4-39f5-480f-af36-795b4d64a0d4,Elizabeth Marshall,cfischer@example.net,2024-06-01
9b9611bc-cab5-4f48-b78a-3ae285bc40d1,Richard Graham,mirandajasmine@example.net,2024-12-17
01a18fed-41f9-47d9-ad6c-a83dd15e06e3,Martin Green,grace94@example.org,2025-08-13
1aa2c014-06f6-4d26-ac5d-a4ad52b721c0,Mary Reynolds,stephenclarke@example.net,2024-03-26
78bcf3fb-7c71-440c-8c6b-1fbf983e1995,Robert Grant,madison82@example.net,2024-02-10
58ab08ee-ee38-4596-a74d-bdea3f02c77d,Justin Rivera,gwebb@example.net,2025-01-11
2ffe5b7d-b47b-4aba-96bd-98195ecacfcf,Robert Hays,wilsonlori@example.com,2024-09-15
5ca583c9-7e69-4c30-8a7a-065d309e9679,Lauren Rogers,rhonda20@example.com,2024-07-27
28b1b47f-12ec-42c0-a6b7-31cab76ecffb,Nicholas Smith,charles45@example.org,2024-06-22
2e676ed4-5266-4dbd-abfd-f9778c8aedb7,Phyllis Rice,vrodriguez@example.net,2025-06-10
44911c98-f792-4837-9738-304219858a5e,Lisa Robinson,tgreen@example.com,2023-09-30
6feea4e9-1032-4563-8b2e-8e9b46f895ed,Heather Miranda,michaelwilliams@example.org,2024-07-22
63381641-027e-4df8-905a-1f21df7a00cd,Vickie Santiago,kimberly58@example.com,2024-03-14
343ce68f-3ab3-45dc-9fca-200b522c93c0,Sheila Simmons,zavery@example.com,2024-01-09
984c97f1-62cf-43fe-84c5-4839c4cd1773,Chris Fleming,kennedygrace@example.com,2024-07-07
ad8b6361-b83c-438d-b8a0-fac22cb005de,Melissa Atkinson,samanthamay@example.net,2025-09-17
1e658854-ebe0-4728-aa7a-c61c3cd8678e,George Hunt,courtney69@example.org,2024-09-02
84ca372a-8513-4eb8-944a-f77b425758b2,Jessica Vasquez,robertray@example.org,2024-06-12
8341105a-0622-4d9c-9f3a-8abdeb8a454f,Holly Jackson,jimmywarren@example.org,2025-08-27
26290587-7c02-43a1-b36b-bfa9b6181466,Courtney Wiley,stacykennedy@example.org,2024-03-09
6acef455-036a-4449-bbd3-918ac8c822ea,Brian Buckley,melaniegonzalez@example.org,2025-05-06
583b717f-071b-4b00-a0c9-e550be4a334f,Jason Montgomery,mcintyrejenna@example.com,2025-08-04
b20cecb9-b317-4c80-bea3-a89cccd830b9,Ryan Schneider,flee@example.net,2023-10-10
00597605-397b-4959-a5f6-4ac313d14db1,Jeffrey Coffey,lewissarah@example.org,2023-12-23
06df39ec-5c1d-436b-aa52-bf0420fed4c9,Kathy Pierce,roy89@example.org,2025-06-29
f82fef96-4842-4931-8aef-effb7c82e957,Steven Kelley,edwardskenneth@example.com,2025-03-24
ca63425b-9ac4-4429-9632-07b9d517ed1d,Steven Martinez,rsmith@example.com,2025-07-05
e188d0e5-b06f-4283-a447-460ab8b2fcdf,Maria Mercado MD,lopezjenna@example.org,2024-12-19
1fe3f492-b00d-4607-bccb-9741bcd80abd,Jennifer Leonard,micheleharrington@example.net,2024-07-30
8d9c6064-5124-4cad-9cc7-469f08527db9,Sharon Robinson,milesandrew@example.org,2025-05-04
127865c9-1200-4cea-846b-50739ef1d22c,Joshua Fischer,thomaseric@example.org,2025-07-04
77daa774-39f9-4451-aa89-29b6b0be33a7,Dr. Leah Brown,donnawilliams@example.com,2023-11-19
26a0741e-acc8-46be-b3a8-33d7fe8286ec,Elizabeth Davis,coxjanice@example.org,2024-03-15
d9497261-9359-4a4c-a7b2-ad87e19e169b,Jennifer Mason MD,nancy23@example.com,2024-12-24
d520e884-b6c8-4c29-9f41-21a2cabfe43b,Emily Torres,christine70@example.org,2023-11-28
a68fc410-dc5c-4b2d-a765-331ead3ccba7,Angela Williams PhD,anthonyrichard@example.net,2025-04-11
09bc9386-d172-4379-9833-d5c994954f53,Dana Macdonald,frankrosales@example.org,2023-10-07
48194da5-c199-445b-b1e6-719df2b8861f,James Choi,cory37@example.net,2024-05-12
98725810-c564-48e2-8e7f-ba5db470284e,Julie Ramos,ckrause@example.org,2024-03-29
5647be9f-c012-4324-8817-5fa36e88db16,Kevin Webb,gonzalezjames@example.net,2025-05-02
356f03cc-1288-4a6a-aa1c-eb0227a692d9,Donna Garcia,pjackson@example.com,2024-01-02
1d2d6b04-39c8-4348-b43b-e3eb0e6a2148,Robert Harrison,martinchad@example.org,2025-02-28
02d0a9a2-60ef-4be4-97a1-1f0cb2b4d618,Hector Thompson,ywilliams@example.net,2023-12-24
da78c77e-7163-4ed0-b3e9-dcb3c2e09c01,Marissa Flores,xbailey@example.com,2024-11-16
56185c1c-c6c7-4230-ac7c-48adb01f024d,Michael Ayala,lmcguire@example.net,2025-08-17
90191f7f-da4d-4866-b3d4-c25354b70c1c,Linda Hickman,katherinemartinez@example.com,2024-11-06
35b03b67-9e9e-441c-b5b3-01fad74b6450,Jessica West,cherylsmith@example.org,2025-02-25
2c336f25-ad63-4505-b74c-7905ac10dd37,Anna Schultz,diazrachel@example.com,2025-04-26
5e84e752-a84e-4d7f-be13-03b7972430ab,David Carson,lisa39@example.net,2025-02-10
dffd94d1-3fce-48b4-9058-328830ff2ea8,Emily Thomas,anthonywarren@example.org,2024-05-11
040e1ea8-da3b-4c4a-abbe-7b092a7f0dc3,David Krause,omar29@example.org,2025-05-05
d9d5d877-af75-459d-9865-97163790cc23,Stephanie Kirby,darrellwilson@example.org,2025-03-09
06503164-2521-4ea2-a01b-6570e2238b19,Katelyn Mccormick,lopezheather@example.com,2024-07-15
903dc05b-d21c-42b6-8600-9357357e81bb,Wesley Becker,alexashea@example.com,2025-06-20
ccb1c3ba-5d53-49f9-9908-47f586fee512,Melissa Rogers,danielle12@example.net,2025-03-12
ff0b1283-4f95-49ef-acf6-dbdbef534f38,Adam Silva,michelepowers@example.com,2024-06-11
074c6690-5371-42f3-b5eb-c7168abe9eb6,Evelyn Romero,taylorpatrick@example.net,2024-08-19
c31c591c-53f7-4f8b-aa0c-489d86e3bb76,Dr. Nicholas Berry,christopher09@example.com,2024-02-21
17473d02-6670-4891-96f2-b416d64e4ec2,Michael White,amanda71@example.org,2024-05-23
cec9131f-ef71-483f-95d8-cb6b2bd4a1d9,Kristin Cervantes,caldwellelizabeth@example.org,2024-12-19
77ab5090-612e-4e94-9a12-cb06a8870c64,Cynthia Ruiz,todd42@example.org,2025-02-05
8db290be-ebc0-440d-baeb-ac35a2fd5d4b,Scott Sanders,camerontara@example.org,2025-03-20
cab6f45b-88e0-428a-8d28-e72656fff010,Michael Shaffer,anne14@example.com,2025-05-08
3202ba57-18b8-4f14-ab4a-c1cbda729ce4,Carrie Solis,owright@example.org,2023-11-16
bbdb8e33-dd0c-4159-b179-bf3b9ee4cd0b,William Wolf,brettandrews@example.org,2025-03-10
5e9f9997-e3f2-40c9-961e-11c689983492,Sandra Murphy,kharper@example.com,2025-09-06
23323863-318f-4194-b9a9-2bb14305859b,Becky Bush,thomasli@example.net,2025-03-11
29098fbe-fa22-495c-a982-5bc30fdec6ac,Heather Green,thomasrita@example.com,2024-01-15
cf8fa5f1-2d14-43f0-9a93-61f243d84af0,Caitlyn Elliott,jordan55@example.net,2024-05-21
eba773e0-d164-4091-8253-97c938664d50,Jonathan Woods,amberharrington@example.org,2025-02-03
53194f12-f901-4587-8d65-95b0f1cf87e4,Maria Torres,natashataylor@example.com,2023-09-21
a38c3913-6fd5-4f8d-9531-b058608cc465,Sharon Nelson,williamsbrandon@example.com,2024-06-11
afe53c8c-ddf2-44e2-a7ac-ad440845f9b1,Christina Wright,mayjeanne@example.org,2024-06-25
d381dff7-dd8d-49a5-93b0-439a57aa7e6a,George Young,jason54@example.net,2024-01-29
566bcc8c-7ff5-4938-9435-31a58c64fbbe,Kristin Chambers,wluna@example.org,2024-11-23
d3ddfcdb-8a13-4102-977d-47db52159bb5,Robert Wilson,vali@example.org,2024-03-06
9a357bd6-8282-4c0b-a6f4-9433de2cec22,Nicole Ochoa,amy99@example.net,2025-08-16
f286d311-cefa-425c-bc1d-5472e159d06f,Michael Peters,brianna00@example.org,2024-01-30
5e212611-8b2d-4cb7-a285-6ab0ceb97af3,Amanda Jennings,adam37@example.net,2024-02-19
99c9883c-20c1-4818-8693-5bb76402f4f4,Daniel Cook,bellvincent@example.net,2025-03-07
eb2d1600-5b5f-4007-a8c2-edfbca0862e3,Donna Simpson,williamsjulie@example.org,2025-03-25
6e7d1bc4-e3f4-499b-b53e-0e21509e17cf,Mr. William Miles,andreacortez@example.org,2025-09-09
551af4d8-bd30-4777-8238-6e498968192e,Sean Valdez,debranunez@example.com,2025-09-04
50b1ba2f-0f0a-4870-96d9-5a7dc71b6dde,Mark Sullivan,iandrews@example.com,2024-04-12
7e8baca5-ef3f-46dc-8597-e0306d1d7038,Ronnie Jones,williamsjennifer@example.org,2024-08-01
22565b13-a1bd-40b8-9391-a02077216526,James Simon,loriweber@example.org,2025-09-06
9b4823f7-5e51-4b08-b75f-38b32ff8604b,William Hester,gavinbennett@example.net,2024-12-29
b03b38e7-2a0e-491f-8df0-0f33c6e5b61c,Michelle Price,harrisonjose@example.org,2025-03-25
c427b719-a26c-4751-8225-7fd0a2621707,Greg Moses,williamskyle@example.org,2023-12-26
fec1110e-3883-40f2-987a-28cb9d6f7884,Christian Sutton,lisa77@example.org,2025-04-20
7dea8ac0-cc10-4039-b647-b814b8918f3d,Christopher Willis,kellyevans@example.net,2023-10-29
c18a8854-29a2-4864-86e2-99a767e08a2a,John Duke,annerichmond@example.org,2024-10-27
243943fc-9fbd-4e26-9322-8e63b656d169,Roberta Allen,kcabrera@example.com,2023-09-27
fb08b87e-aae4-4c7a-9c65-1bccbf0c7b27,Howard Mitchell,joshuathompson@example.net,2024-03-27
44116fcd-41b4-490e-a762-d65ce1a4b140,Tammy Whitaker,ithomas@example.org,2024-03-29
2467d07b-b165-44fc-8d51-bbf12164a2aa,Bobby Rose,john19@example.net,2025-02-16
e29ad079-6644-476a-a2d4-30f16c33b613,Joseph Moore,averyrhonda@example.net,2024-12-30
40406376-5543-4ad8-b986-229cd9c750a8,Tammy Hammond,davidmiller@example.net,2024-02-07
84b4d09f-e828-40fd-a2c5-e89dc6df7f1c,Alex Morgan,fgriffin@example.org,2024-11-04
f5f4b7fe-fb69-4da2-a351-d56e442d5ab6,Tammy Kaiser,mariahsutton@example.org,2024-01-22
390f21a5-48a2-43f6-93e8-a1e2683e7012,Julie Hall,orobertson@example.org,2025-04-28
df179574-8a14-41e5-bc39-2f0977e459b5,Timothy Donaldson,maureenbentley@example.com,2024-05-21
e4560b1f-3016-426c-a425-17902ea64821,Lori Doyle,rachelschmitt@example.org,2023-11-16
c0ec3341-e04d-49d3-ac61-761f2ec4ade7,Anthony Allen,ujennings@example.com,2025-04-20
d01986d0-2dff-4f0b-97ce-bf5ff8aaf174,James Harrison,davislee@example.net,2025-05-13
619f1cb1-ac77-406b-bd09-4b7f64352b76,Mark Villanueva,iwashington@example.net,2025-09-17
dc65f707-5ae0-48f1-a840-da4e2a875efc,Michael Castro,aaronramos@example.com,2025-06-26
d8002f1d-194f-477d-819a-92ebfe50e3bd,Mrs. Lisa Townsend,vanessa75@example.org,2024-09-27
ea32f5ce-fe74-4bb9-9fd1-a536bd1d46cf,Sharon Garcia,vturner@example.net,2025-05-29
5e688788-2ebb-4f72-a0a4-e27dba92076c,Brian Carter,cooperbeth@example.com,2024-04-14
be6417ac-57fb-44d9-a404-a04441ae9e36,Joseph Boyd,markjackson@example.org,2024-09-27
45a92481-bd7d-4a00-beda-cbe32d6646da,Kevin Meyer,lhenderson@example.org,2024-10-14
4f2335c9-3848-499c-9ba9-3ff62323969a,Jose Moore,saraortiz@example.com,2024-11-11
6d6a8600-91e4-4ab0-b9a1-8952f9ed092d,Erica Gardner,brittany92@example.net,2025-02-21
d60faaad-a68d-48ca-a8da-c31300e211c0,Jerome Davis,maryanderson@example.com,2025-02-21
a08eebb2-c40f-4165-9cb6-1f621af77ad5,Jaime Hodges,pamela95@example.net,2023-10-09
b78f22b0-af01-4583-a2de-e0c7bbd2b421,Emma Bartlett,laurenwilson@example.org,2025-02-02
06dcc752-762b-4b59-9ca4-417e80d3b1d2,Gary Cruz,ifletcher@example.com,2024-04-17
98fd5579-2517-451e-a697-9846391df77d,Dustin Jones,christyhall@example.com,2024-09-30
19cad53a-962e-4125-83a2-8ec3ac3a0f67,Scott Smith,nicolepitts@example.com,2023-12-04
60601e0b-bfc7-47ac-b295-3936d9b899e0,Amber Hunter,glassjacob@example.org,2024-12-28
fdbe9102-21fa-4536-9970-1509bc34d18c,Lindsay Thomas,jerry77@example.org,2024-08-29
fe3511d1-988b-4e40-bb01-75cda381241d,Andrew Hughes,williamwalters@example.com,2024-08-14
626906ac-7052-4bb2-9f44-4147b1d909e4,Erin Rogers,srojas@example.org,2025-04-07
6ada6012-c40a-4bd2-bc88-413193ab962b,Brandi Price,pmartinez@example.org,2025-04-02
7a7cb4ef-0942-47e6-964e-78c557ce2afd,Kimberly Marshall,halealexander@example.org,2024-11-15
a4bd41c2-743c-48bb-b1c8-1ba6cddefac9,John Freeman,harrischeryl@example.org,2025-01-11
f904ed6d-3a32-4401-83ce-b212c411002b,Cory Martinez,chasekelly@example.net,2025-07-08
1222c0a3-f5ae-4f47-b084-79fa9e671587,Ashley Garcia,ecabrera@example.net,2024-09-29
e21098ba-04e5-44a9-af4a-69cc547d2586,Kristin Taylor,kimberly10@example.com,2023-11-04
7234e4ef-a66b-4698-a9ff-4769bdc64725,Angel Welch,jeffreymarks@example.net,2024-10-05
29713e0e-0def-445e-bc6e-10765ab66f7e,Anthony Shaffer,marcusjohnson@example.org,2025-07-15
e4e6c984-4474-43e6-8a73-9dd3514aa7c6,Sherry Payne,robert23@example.org,2025-03-13
e30ba627-8e88-421a-8785-93f9f1592ef3,Kelly Mcdonald,omiller@example.org,2023-10-09
73d29028-6f5b-46ac-82cb-c14fd1075f96,Drew Williams,gdavis@example.org,2025-06-12
f436ec85-3072-4615-8e63-f760c70403bc,Steven Torres,brianandrade@example.org,2024-09-05
563380b6-40a7-4413-aeba-4ed197031245,Michael Pearson,christiansherman@example.com,2024-06-13
6de56968-6fb8-4f09-b60e-247c4bf9df09,Alison Combs,lisahopkins@example.net,2025-01-16
bc42e528-2cb6-4752-81b1-961d987f9bfa,Amanda Dunlap,robynjohnson@example.com,2024-02-29
41ec8e9e-5e59-46b8-8209-5a2a0e6adb82,Caleb Wagner,davidknight@example.com,2025-08-02
f109c6c9-74c1-408c-a681-dc4815fc146e,Kenneth Jordan,icunningham@example.com,2024-03-29
29315f0d-dddc-4499-aeb3-6ac64f5cecb6,Donald Oneal,scott30@example.org,2024-10-17
6ef9af73-0343-4cbc-acd3-533f6aa6e7e6,Tiffany Nelson,yclarke@example.net,2023-10-21
ad683f3b-f355-453f-a302-7ec15ed3e811,Laura Harris,ahaley@example.org,2025-08-23
d474270f-8232-41d1-ad06-82dc766bcf3f,Heather Harmon,annagarrett@example.com,2024-05-27
443ee277-b006-4b42-b7ae-9971ab2678bf,Jordan Smith,todddavila@example.org,2025-03-31
e856808d-b5bd-433d-981f-332dba5eae77,Lisa Green,fwest@example.org,2024-05-04
be81fa93-6350-43ad-8c64-d5e751c979eb,Amy Flores,tdyer@example.net,2024-04-18
3f1acd8c-77f7-44c3-b7be-9abc7268e604,Abigail Schmitt,emartinez@example.net,2025-09-17
8a8bcab5-5385-4d87-8ae4-63ff4d3d0abc,Corey Newton,mgilbert@example.org,2024-09-29
bb9b6a7e-2436-4dd2-9cb8-037a575d09e7,Regina Estrada,christopher64@example.org,2025-08-22
06a9af8a-491d-45e6-8fc2-c86ed9bb1a31,Tiffany Owens,petersonsamantha@example.org,2024-01-03
f7b00d81-2db5-40b3-bf05-76508ee7a15c,Michelle West,uhayes@example.net,2025-05-18
b61db2b6-25db-4d4e-92ed-fb3bac57af03,Jeremy Carter,chungedward@example.net,2024-10-27
9b8f8dc7-cbb0-47e5-81ae-56631f7446c5,Jennifer Petty,robertball@example.org,2024-04-20
5fb5c2de-1202-4f60-bef6-dc157a0bff44,Bruce Johnson,charles67@example.org,2025-03-11
acc2b5d1-b2ae-4bd0-8c92-1f378468da2e,Wendy Taylor,cindy59@example.com,2025-02-14
121aa9f9-6b0e-4ebb-ad5a-74eb3a72867b,Lisa Hall,leslie72@example.net,2023-10-20
be2adb98-123e-4eee-aa7f-f25a3b3827ea,Lauren Christensen,hamiltonhayley@example.org,2025-07-02
df61eafc-a262-4aab-aca8-9e950fe948bc,Tyler Miranda,carl33@example.net,2024-08-09
c52bbe7a-b590-4156-8194-3d925c8fa5ee,Andrew Maldonado,kevin94@example.net,2025-04-08
5dc5694e-29eb-48e7-bd58-15ae5e6453cd,Samuel Ferguson,cramirez@example.com,2024-10-30
c86e3df4-8c5e-4744-aa57-9d8d5ee16bd2,Judy Robinson,shawcolleen@example.com,2024-07-31
35310eb7-1319-4064-bfdb-1133e85782dc,William Barry,hesterchristopher@example.net,2024-05-12
3e1d824a-f9e3-40c4-8bdd-22b41e9c396a,Karen Gardner,eobrien@example.net,2025-03-27
c11fe577-e66c-4dbf-9293-a40a013011d1,Gregory Vaughan,alexandriacastillo@example.net,2025-08-30
33e9a023-fd25-48d2-af29-b46c903e6849,Shannon Thompson,ggray@example.com,2024-07-04
0173e444-d713-4621-9b1b-838f508eacfb,Sarah Marshall,donnasmith@example.net,2025-07-31
f14632df-2f03-491c-8d3a-a80a1c34f28b,Melissa Robinson,erika26@example.net,2024-06-30
4776d246-a9fa-4d3a-bfe0-da0c5d42ee20,Carrie Wilson,loriwest@example.org,2024-10-11
2e67144e-49ae-4b6d-b54c-25c2b5943ea3,Elizabeth Carr,wbarrett@example.com,2024-05-10
1cea8548-b9ae-40d0-b03f-b233080d8e15,Olivia Russell,qtyler@example.com,2025-06-15
7bfb7c0d-da3a-47ec-b0f1-fa9a9b1f993b,Tanner Morgan,sknapp@example.org,2025-07-21
6c6effcd-bf62-47fc-86d3-73c7f7d7cd00,David Camacho,iortega@example.org,2025-01-11
057d8514-1c37-4092-9de7-8900fe0f6657,Andrew Dillon,phillipsstephanie@example.net,2024-08-30
03133507-e366-4d9e-a4c6-c7ee91cc8323,James Drake,tina96@example.net,2023-12-20
016f3423-7d59-4391-8213-85e5bef47483,Kristopher Davis,ashleydunn@example.net,2024-08-31
2243af02-7eb4-4e37-b4d7-b0dd6a8fa8ad,Megan Jordan,aaron47@example.com,2024-07-10
1ac62535-9ac0-429e-838d-1464ddc29797,Jerry Smith,reesepamela@example.net,2023-10-27
cc57ff80-666c-4572-b0a3-07f5a0e1e075,Glenn Lawrence,jessicamcgee@example.com,2024-12-07
4708e95e-5e15-44ac-a085-0242528285b9,Devin Bryant,jonathanhenson@example.net,2024-05-17
62899478-d587-4b12-8e4a-92d879baa4b0,Sandra Smith,hobrien@example.org,2024-09-20
e04b0625-51cf-49bc-bec7-6058430483ae,Larry Rubio,pbrown@example.net,2024-05-20
868c4a7d-5de9-4590-ac2e-fa74a51f547f,Steve Salazar,mitchellkara@example.com,2024-11-04
cdcbae5a-60b0-442e-912d-aec61f540634,Briana Davis,gdavis@example.net,2025-01-07
ff212d3f-9ca8-4ff2-9b2f-cbbddf3a548e,Nathan Le,stanleychristopher@example.org,2024-11-20
59a7ec99-231d-4526-a29d-cbda8b69a4ae,Jeremy Alvarez,angel34@example.com,2024-02-08
5c8a428f-194d-4f0f-bf50-5e2d6a0d4256,Jennifer Palmer,hernandezrobert@example.net,2024-06-26
37f0c594-c83e-4e91-8c27-d7313ddb25b3,Michael Rios,fballard@example.com,2024-04-18
8decf422-f0b4-4fa3-bc91-4d71934e2486,Christie Schaefer,bradyberry@example.org,2024-09-24
3548ac46-e095-445d-897d-7d9ec9e37eab,Eric Craig,julie41@example.net,2023-09-30
937a127f-1198-4761-91ce-75475425daa9,Kenneth Hernandez,cody37@example.org,2023-12-27
61525d74-189e-465e-9eb1-2b8bcc37ac3e,Seth Nolan,stevenmartin@example.org,2023-12-23
004faae5-5881-46f9-9e0e-ad6e0eda6264,Brett Oliver,tamarawilliams@example.com,2024-03-26
2b6f8012-ffaf-4c30-81eb-6475419d632e,Larry Allen,brandon10@example.net,2024-01-10
6bd3d7a1-4d5f-4df7-a004-7e788fa684fc,Sheila Rogers,wheelerjohn@example.org,2024-12-17
32904ed4-ee5e-42dc-8e6f-b8587b0980ae,Mark Mcdonald,ortegasteven@example.org,2024-09-10
ffdff16f-78eb-4348-9cbe-82ab48682eba,Anne Rodriguez,zshepard@example.com,2025-02-15
6e098444-4aeb-4477-8755-0d6567e9ffde,Angel Garcia,judyparker@example.net,2025-05-11
dcff4b3a-5f7d-484b-acda-deed9ecba2a0,Faith Weber,debra47@example.org,2024-07-13
4db318fd-0d74-4699-aec8-337073e88790,Brittany Mitchell,marktate@example.com,2024-12-06
53d8417b-673a-4859-a3d0-c05a4a95feb2,Cassandra Green,ann12@example.com,2025-03-29
c1022be6-c10d-4157-8edd-c80df03f9f33,Michael Klein,wblevins@example.net,2025-06-14
794a5b12-be10-425b-a4aa-7dfa5046cf97,Paul Mcmahon,jamesdarrell@example.org,2024-07-07
f44a7941-15a5-4663-b1c9-ecda7231e058,James Mcdaniel,alexanderbrenda@example.net,2025-07-10
69013565-e05a-4720-b3c7-b13379d48ae0,Meredith Allen,aarias@example.org,2025-06-10
c7d7b79b-4ae7-4429-bdaf-3b3d8fcc7efc,Steven Garcia,mikeforbes@example.com,2024-12-01
6c9a173d-efa3-475f-a09d-22e0fa12d130,Carrie Jones,briangaines@example.com,2025-05-21
0cb19832-525c-45dc-93a8-e92ee21b0bbd,Rachel Garcia,andersondaniel@example.com,2024-03-17
78f32c83-c6e7-4be8-be28-91802738b862,Nicholas Garcia,madisonabbott@example.com,2025-01-31
ef20c1c9-9467-4b06-ab8d-997bd7b2e31c,Tanya Gillespie,kellygarcia@example.net,2023-10-18
66947751-ae08-4fa7-a85f-404678b773e6,Sara Browning MD,carmenaustin@example.org,2023-10-21
277fd434-0d07-481f-bd5c-58f4309dbeda,April Pham,ericbass@example.net,2024-11-23
03cd7e1b-4f28-4c99-8745-8de78385a543,Ryan Carter,davissusan@example.com,2025-01-17
7d59b4bb-205a-4eea-b0a1-7c589895177f,Daniel Mccoy,christinabrown@example.org,2025-07-22
0171010d-4bc6-4df3-814f-5b7140a5601a,Kelly Thompson,jasonmartinez@example.com,2025-03-26
f54f68f5-0aa2-4709-9dde-008756755739,John Nelson,jacqueline57@example.net,2025-04-22
c93311e0-7b2c-4c57-b00c-428682c9d7b7,Catherine Rivera,austinperkins@example.com,2023-10-19
fb1b85be-395d-4632-9f19-e909d9be6357,Cynthia Robinson,jadecherry@example.org,2025-03-28
078b0d52-f06c-43b3-9f0a-f6539a4e8f8f,Sara Jones,butlersusan@example.com,2025-02-25
effb673c-cf91-4915-909a-9b619a34daf9,Rachel Nash,angela75@example.org,2024-11-24
d8374fdd-c9f3-4ee9-9d44-8d02d3ed76b2,James Cruz,maureen57@example.org,2024-12-09
9cac844d-4d2d-4fc9-941d-3b0f55e0ff2c,Ernest Pierce,brian41@example.net,2024-09-10
7251921f-5979-4828-9594-d8920cd4f13d,Jason Evans MD,mitchellkaren@example.com,2025-08-04
970f0eb6-ea6f-424a-bd68-a403d9014243,Chelsea Johnson,perkinsdustin@example.com,2025-08-24
728df16d-5380-4c3b-9553-aef05fe9d507,Nicholas Manning,william77@example.net,2023-10-25
71b13a84-f6cb-4cc2-9d03-22863d3e0ede,Chad Gardner,troyweaver@example.org,2025-07-14
3d7d1265-2f71-4603-bed0-e161c3f6e4d5,Alexandria Wilson,raydaniel@example.com,2024-04-15
e0ec44c7-2c68-4a36-a6a8-73fa32ca185c,John Levine,stephencook@example.net,2025-04-05
d3d2a187-c801-48aa-ab86-6688bdeffb3a,Brianna Brown,miranda23@example.com,2024-07-25
e38e1c67-19f6-461b-91ac-ff2ba5b89caf,Cassidy Bass,smithamanda@example.net,2024-08-05
bf2473df-968e-491b-9005-3f553dd6a7b5,Jared Armstrong,brich@example.com,2025-08-14
7f0bcd4c-6382-480b-87dd-01d3326537fa,William Rice,fjames@example.com,2025-06-28
793e8a91-0481-4359-8df9-f656562393f5,Bruce Smith,fkelly@example.com,2024-03-25
741a1056-60dc-46a5-985f-ca2da5053940,Maria Horne DDS,awyatt@example.net,2024-05-09
d356f255-c51f-494c-b8a2-1d8cd4932f1a,Patrick Kim,katiesmith@example.com,2024-10-30
b58afb50-a15a-4f4a-a3cd-1bf856167ef4,Ashley Mejia,xsimpson@example.org,2025-08-09
13e79a21-7e00-49c8-9e7b-442affd99e5b,Caleb Murphy,weaverguy@example.org,2024-03-09
52f9c272-e3ac-4538-8c2b-124698e19887,Michelle Evans,brittanyfields@example.net,2024-02-03
977f47b1-d41c-46ac-80a9-ab21e1548aec,April David,wilsoncasey@example.org,2024-09-19
5bf62c37-8bea-4021-9b43-637cb8df6f0d,Terri Winters,brandon32@example.org,2023-11-16
750efe52-1808-4585-b6bd-ce8194545ed1,Valerie Young,dfigueroa@example.org,2025-02-08
1e8ad67f-9445-4a09-89c2-6092b4e3aeaa,Erica Stanley,gina01@example.net,2025-01-10
91293840-a3db-4839-b237-a3140350cef8,Bradley Howe,ashley76@example.org,2024-07-08
98662251-0fff-4e58-aa62-f7967494934b,Michele Welch,mcollins@example.org,2024-04-25
54dd2923-3249-406f-95df-111687699a67,Johnathan Joseph,ycarey@example.net,2025-02-10
85e1021a-3f5c-4832-a10d-999dcb67d0a2,Carl Conner,alvarezmatthew@example.net,2025-07-19
517abda2-4309-47a9-91f4-a5d553fb2eb9,Aaron Hood,tiffany48@example.com,2025-08-22
6d649495-072d-40e0-98d3-68d6048ce083,Laura Mendoza,jvasquez@example.org,2024-11-10
58e0e403-9fb5-4da8-8ca5-5a882ae347f8,Amanda Mahoney,jlindsey@example.com,2025-05-31
c99ec71a-c93a-4306-874a-bb5bd3aa4a7e,Sylvia Reyes,nbeasley@example.org,2024-04-12
c2cc14dc-8b4c-43b0-ad60-356592a7a12f,Gerald Peterson,kevin82@example.net,2025-03-29
c2994ef6-f65a-48fc-8714-f9f42f2f4d62,Kiara Johnson,benjaminwalters@example.org,2025-08-12
60a25108-657b-403a-88a9-290eb3f6070e,Courtney Phillips,david61@example.net,2024-07-13
fc218e66-c072-4040-8341-bb3d92990724,Ryan Fields,jennifernelson@example.net,2024-11-14
fb0fcbfa-9c52-488d-80f6-d780f3bb3326,Patrick Sims,pamelagentry@example.org,2025-05-19
a5880448-8177-40b3-978d-389adba1886f,Brandon Reed,hrodriguez@example.net,2023-11-27
77598ffa-80a4-4b93-93bd-6a4049891b31,Elizabeth Bradshaw,raythomas@example.com,2024-05-06
5e239728-1cc4-40a0-9c24-acd3f24702e2,John Ellis,gfoster@example.net,2025-03-28
5b775a16-1be8-4ec6-8ecb-5f8b3f300455,Amy Woods,jwagner@example.net,2024-07-24
ab7c0962-5b76-42b8-be47-c528611e8cfe,Lisa Freeman,melinda20@example.net,2025-02-17
0c4a1705-5c09-4a9c-b669-53c71540e764,Sandra Sutton,ericksonsarah@example.org,2025-01-10
f1cb7a83-2a6d-4c1f-ba99-7e5e8fd8710c,Joseph Kennedy,kevin81@example.com,2024-09-15
565e9029-e384-4b50-92e5-97c02a2d0eec,Kayla Prince,valenzuelajillian@example.net,2025-07-19
aa6369a8-a968-4499-a210-87c1a8c2b1f1,Dan Watson,mary28@example.com,2023-10-28
a8338977-3713-448d-b625-1796a3755538,Elizabeth Hill,hayesanna@example.net,2024-07-30
0388f9dd-d924-4c81-accf-acea45404a9a,Christopher Sanchez,tjones@example.org,2024-01-05
a4c4a66c-b403-474c-b284-a9d2c034d99d,Matthew Scott,robertlewis@example.com,2025-03-15
37b75215-f7c6-406f-94fe-462edb95ff26,Mary Baker,cory13@example.net,2024-12-03
19691a26-ce01-4fda-b19a-2ceee816fb13,Dr. Jeremy Johnson,carmen63@example.net,2025-05-01
f94c6f7a-043a-46b5-a642-38780d1e5f87,Tammy Osborne,thomasedward@example.com,2024-07-06
8fb52e93-9753-440d-afbe-749729aa6e63,Michael Robinson,ijones@example.com,2025-01-23
06f5f4c4-f1bf-49af-a4f0-aee4b38b7611,Nathan King,patrickwalls@example.com,2023-10-17
40bd5f3e-739a-4433-ad94-c5507be6e03b,Lindsay Williams,cortezbrittany@example.org,2024-08-08
175e9ff8-a671-41ae-a553-d4850765338a,Brittany Davis,patrickdaniel@example.net,2024-08-12
6a01661a-93e9-4a32-ba89-2ca693a6c2af,Richard Taylor,hnguyen@example.org,2024-11-06
a312d0e5-8d2e-4d49-84ff-67b5eb79521f,Gail Benson,megansharp@example.org,2025-08-17
d81a55f1-edd1-4747-a52d-d5c340e3cbb3,Jessica Bailey,sarahhaynes@example.org,2024-09-14
d1809faa-5cd4-4a58-b7a3-e617865ce221,Sara Fields,jamesbrown@example.com,2024-07-20
42a68ad6-ca2d-4c83-a3c1-e89fdc07207d,William Little,mckaytimothy@example.net,2025-01-02
964b449f-d7ee-4a7b-b8d3-4a78185c3433,Sarah Short,courtney46@example.org,2024-04-09
42ae9c2e-96a7-42ef-b001-54701522844b,Nicole Goodwin,russellcraig@example.net,2024-07-04
8e87fb4d-1c25-4e92-a6c3-c505663df566,Lance Lawrence DVM,ucisneros@example.com,2025-07-06
04ece56e-1fa0-47b2-9a8f-5b6d33775e21,Richard Phelps,lsanders@example.com,2023-11-16
d90bca4d-43bc-43b3-b85c-376c78866fd2,Terry Morris,robinsonjames@example.org,2024-07-12
0a1c8089-9674-4e46-8833-7e73d03ce379,Paula Montgomery,jason62@example.net,2025-03-31
9305733c-7d9c-4487-ba44-da1fc471d6c9,Lori Reyes,stephen07@example.com,2025-08-22
3feb9d34-f331-41bf-8bc8-bbb22dedde09,Mary Wood,bethanygray@example.com,2025-06-03
321ecbce-9225-4c71-8eea-32c090e25ee4,Juan Hughes,tsanders@example.com,2025-07-01
ea7678d4-1610-476a-9428-8eb5ab673309,Brandon Waters DVM,ellisjustin@example.org,2025-04-20
915d44a4-db69-4519-98ba-44c8abbc5af1,Edward Mcmillan,andre45@example.net,2025-06-06
e3c895a0-397c-4a0b-8da5-d919c8bc1405,Christopher Terry,davidfrederick@example.com,2024-05-18
4ac6c42b-3c4a-4d53-952c-f127d6fbf131,David Williams,amytorres@example.com,2024-11-08
cd7ae999-4745-4f82-80d6-0b0dd138ee45,John Owens DVM,staceymccormick@example.com,2024-02-13
0e4318e6-f8c7-4dfa-8906-bb3931b3005a,Carrie Wagner,matthew08@example.org,2023-12-11
c7948d59-74ec-48ac-9fd0-0676d02f9ab4,Chad Rogers,kerri30@example.com,2025-06-28
29a9ac07-e9f7-44e4-bab7-72cc710253a9,Laura Spencer,collierjonathan@example.com,2023-11-16
5d092e7b-adbf-4321-a918-0b83d1a96cf8,Andrea Ward,teresa42@example.com,2023-12-29
88ea45e8-5b4e-4f88-a788-e7a9775685a1,Mrs. Maureen Foster,johnstonclarence@example.net,2023-10-28
58f3e707-d467-430a-a3c7-2390fe9e3989,Jordan Wilson,christophercarlson@example.org,2024-10-14
7e3bff22-911d-41aa-bf86-9230b78c417e,Deborah Scott,dellis@example.net,2025-08-12
bf184fc6-f88d-46b6-97be-b317bb6213ec,Katherine Morgan,heather66@example.com,2024-06-25
ff43f31f-fcc2-4fb8-8c9b-78bacb8646d4,Michelle Hamilton,steven50@example.com,2024-03-07
4d43b0f5-142c-4778-bf76-ee4911517cc3,Jeffery Lawrence,xwashington@example.net,2025-02-08
8b90ea76-24e3-4425-9a4a-a598b5b03099,Kenneth Lindsey,arogers@example.org,2025-08-22
6ad4f345-5b87-4284-82b9-7adb0ac10ed3,Steven Hickman,johnmoore@example.org,2024-02-21
e2a19640-b9f9-4d51-93f7-c41fdb2e131f,Darlene Bradshaw,nicoleferrell@example.org,2024-03-26
493000c1-bc28-45f9-8963-459db0abb6b2,Michael Soto II,pbarrera@example.com,2024-06-29
879ce975-d492-4251-ae38-f48793c8376a,Mr. Mario Bauer,yolandamartin@example.net,2023-10-15
3876da69-8e23-4958-9b1f-90b98f0dc0e5,Lisa Mayer,peggy19@example.com,2024-03-30
6fc2e30c-501c-40de-8377-c7fad0ba4082,Zachary Kemp,aaronblair@example.net,2025-08-23
39c0560e-b2a9-4ffe-af9f-9aa9885f757c,Brian Coleman,lcastro@example.org,2024-12-01
639f2fa7-7018-4e95-affc-7c4e1ee03c8e,Austin Young,travis81@example.com,2025-02-18
df4824fd-0489-4e38-ace6-2d3c9ffe6b53,Susan Lewis,robert98@example.org,2024-08-06
ff13ec75-69da-440c-900b-b51096a9ce90,Kathleen Keller,julie34@example.net,2024-08-25
e66bd998-8c1d-4dac-865e-2e37fc420ac2,Tracy Kramer,cassandrabryan@example.com,2024-12-22
5ce8e3d8-bcd5-4c6d-ba17-a919ecfc90bd,Michael Taylor,yvalencia@example.org,2024-05-12
822915ae-bd25-4555-a1a5-3598beaaef14,Eric Bowman,rebeccadavis@example.org,2023-12-27
2798be84-153b-4119-90f0-380df148d909,Stacy Mcdonald,duranmary@example.org,2023-11-04
11d34207-7736-4c4c-8fa2-78543b19ed4c,Mark Koch,zachary24@example.org,2025-05-17
02e37b6c-b888-478b-a138-6bd057c99fb9,David Taylor,jenniferwatson@example.com,2024-02-06
8513edb5-b567-493b-a041-cd6316d91796,Caleb Pacheco,thomasdenise@example.com,2023-11-18
56cfb4db-fdbd-4f21-a859-e07ad75deb13,Brandon Robinson,uallen@example.com,2023-12-11
c18c4637-be86-468b-9ba0-6cc69ebe41e4,Cassandra Brown,usimpson@example.org,2023-11-04
2dc3daf7-e090-482b-807d-0239486a78b4,April Jones,shall@example.org,2024-01-18
dd8a6804-80ea-40b1-abb5-0bf84ca7441f,Jill Olson,patricia57@example.net,2024-05-02
3d452478-07fd-4379-b744-742a04cc8c47,Matthew Johnson,rlawson@example.net,2024-05-29
bd88d611-5eec-4901-84e6-a5818800c792,Eric Anderson,vasquezjohn@example.com,2024-08-13
41a24aaa-daa4-4e23-b123-abf65c834886,Jeffrey Leach,stephaniehines@example.net,2023-10-14
7f5330ff-3c3e-42b4-a78a-a5043a0f72d0,Sharon Cox,kbarajas@example.org,2025-08-26
336739b6-18d3-41d1-bfa1-a32f9d5223a0,Brooke Johnson,tammydecker@example.com,2023-12-13
82063e2d-da48-4642-9c4d-70d7f914978e,Jordan Smith,evanlopez@example.net,2023-10-03
e82a51f0-d432-4f11-ae7b-f7f14c34b93f,Charles Wall,millerstephanie@example.org,2024-01-04
cfc8f14d-82f2-49c8-97c2-e876805f5a70,Julie Evans,daviddrake@example.org,2024-08-04
9805c8e9-7355-4bc5-ac5d-704b3be69c63,Kathleen French,zbates@example.org,2024-10-22
5710fc03-78d9-4c9f-8792-f394a27bca15,Margaret Allison,zbright@example.com,2024-06-29
6d6b4db8-9bf9-4b23-ada2-46231984a1aa,Carmen Phillips,wsmith@example.org,2024-04-26
0b2e7eab-2ca7-472c-ad35-ff91610912b0,Brittany Daniels,williamstimothy@example.org,2025-09-07
69c10097-4e22-4d58-a6a3-5592022d6283,David Smith,patricklong@example.org,2023-12-29
9c50f439-925d-4e6c-b532-1f746d83466b,Allison Turner,ccarter@example.com,2025-01-01
f4eca8b8-39ea-492a-8aa7-f982da181aea,April Cunningham,scott47@example.com,2025-08-12
38e385b2-e67c-4433-b48c-03549780dea4,Mr. Sergio Smith PhD,elizabethwiggins@example.org,2024-12-11
e9bd6a46-df1b-4483-b164-acd9b5823426,Katherine Gill,martinbenjamin@example.net,2025-01-17
5d00db7f-351e-40d6-893c-1e11f2091e31,Clinton Jennings,wjohnson@example.net,2025-07-21
1b40307b-7cff-4b6a-b8b3-25e0315b2e55,Brandi Fields,jowens@example.net,2025-01-23
cac3b251-776b-4e3b-b2db-c4368fcd9b70,Richard Henry,victoria41@example.org,2023-10-15
c59114b6-de19-4301-8fea-2d20b4881032,Dr. Brian Burns,nielsenrebecca@example.org,2024-01-30
f46685e2-235b-4ba0-9716-f335995d5530,Aaron Clark,brownrichard@example.net,2025-05-05
ad62e727-fb18-456b-be20-7f246d5126dd,Andrea Ross,phillipsnatasha@example.com,2025-09-01
6c189fd6-107d-41c0-bf9c-a94388e1f321,Samantha Graves,robinsonjustin@example.net,2025-01-24
6b744e48-4846-452a-9366-a50c0f0a0bd0,Nicole Edwards,psanders@example.net,2024-12-17
6eb6086c-0a70-49b9-af7f-b12817947fe7,Kristen Cooper,abell@example.com,2024-10-19
3c857c0d-424b-4701-a927-eadbe3ae9645,Mario Williamson,james36@example.net,2023-10-02
df60ec5a-64ab-4217-ae42-9d065c37dff2,Levi Harris,smithlinda@example.net,2024-03-01
49282819-a487-4223-965d-e04508e2f670,Johnny Foster,marklloyd@example.net,2024-06-16
b8070ecd-fc1c-4ae6-9216-afb800c43aee,Amanda Medina,jose25@example.com,2025-03-11
7b8a4bd2-67a3-453b-a1f8-c06593514cba,Steven Wilson,kiddjonathan@example.com,2024-09-06
91095dd4-21f7-48b7-b0bf-b38e6ff039f0,Diana Blankenship,zadams@example.com,2025-05-17
8bbfc7ca-b94e-4228-bdd8-011e2a71219f,Jacob Miller,brownalyssa@example.com,2024-08-01
b689fb05-3380-4c96-b898-230dd4432aa3,Lisa Richards,gmiller@example.net,2025-08-10
90b18b45-30ba-41d0-81d1-6cba27a37ae5,Michael Price,susan47@example.org,2025-08-03
e7d937cf-229e-4052-b1ab-7e01a73f88f9,Mary Hudson,umendoza@example.com,2025-04-18
78653d20-8399-4496-986a-3839acb3114e,Anita Harrell,amy96@example.org,2024-12-12
5fa6825b-21d7-40a8-9df1-2ec08cae81f1,Holly Lopez,harrislarry@example.org,2025-09-06
08ee5bce-2a7c-46e6-b0bb-7a23df6c7977,Jennifer Webb,melinda03@example.org,2024-06-30
f2333247-0d4b-43bf-a020-a35d9c7aa1ec,Brian Brown,mary38@example.net,2024-10-09
05bd6be6-988f-449b-950c-9df70d7429c3,Nancy Thompson,virginiacraig@example.net,2025-06-04
8b3687c4-5faf-4ed2-b8b0-b5a82692ccab,Douglas Little,dlittle@example.org,2024-03-07
7f664d8c-7149-40a4-b563-3e4556d275f2,Leslie Parks,stoneronald@example.com,2023-11-11
19fbeeb0-1b2f-4b5c-8fe3-e0bfe5d03f68,Ryan White,wray@example.net,2024-10-03
0234ba8b-e3be-4aa2-a0b8-bf9a4c3a9d9a,Stephanie Bell,agarrison@example.net,2024-12-16
f157d752-5bf6-4154-93c3-af6f247968ae,Susan Harris,maria59@example.net,2024-05-16
7ea4cdbe-a18b-4575-b78e-3f20742eef0b,Rachel Cole,dwayne48@example.org,2025-06-13
7d18842a-f759-4d95-b2c0-4e33754202c7,Kaitlyn Black,karen18@example.com,2024-06-20
68c6963e-44ad-404b-befd-bb3c03434d42,Brittany Davis,hobbsjody@example.com,2024-11-21
0a205a5f-a370-4876-a412-5b96160e36f1,Vincent Wilson,ingramlindsay@example.org,2024-07-02
ceb21517-5b89-4e1c-ae8d-98d9be49d30c,Alex Soto,moconnor@example.com,2025-03-14
ff587dc9-f6a8-46f9-950f-c6261c5e1cbc,John Hunt,xsherman@example.net,2025-04-04
044dccdd-f14d-479e-b678-a4d127eca0b5,Neil Steele,stephanie36@example.net,2024-12-12
c4270afe-8239-486b-9c65-8283297cefbb,Nicholas Jimenez,jaredrollins@example.com,2023-12-09
487ec10b-ea39-4ddf-802a-9c9683ffcc6b,Pamela Lester,stephanie20@example.com,2023-12-07
4a8a8622-292e-4a97-9b57-82412db30fa5,Jonathan Fisher,greg26@example.net,2025-02-04
a3834192-e6b0-4525-8a06-6a335a615578,Kaitlyn Malone MD,joanneward@example.net,2023-09-28
3940554c-16e3-4a54-9b2c-d4262602b27e,Justin Evans,hamiltonwilliam@example.net,2024-10-28
eedcbf39-68cc-4088-af86-4912255ee163,Leslie Jackson,masonnancy@example.net,2024-05-02
2a12ba19-91b2-4e33-954e-fad0224edba5,Brian Garza,jessecardenas@example.com,2023-09-22
b818958b-584e-4cd4-8111-45abb5729c4f,Vanessa Torres,anthonytaylor@example.net,2025-01-16
88fd8ed2-14c3-4f2f-ba3b-9966cbb44bca,Matthew Downs,clarence50@example.org,2023-09-30
675c6100-341e-411c-899c-12fb6dbd334f,Thomas Smith,wolfelaura@example.com,2024-12-22
1efacc3e-88d1-4ae3-b776-bb024ad5facb,Summer Patrick,gphillips@example.org,2024-01-12
c9601b70-cfef-46a4-979e-6531073310ec,Michael Lopez,jnguyen@example.net,2023-11-29
5abf6a7a-9d9d-4bef-96af-d132a6eea2b5,James Wilcox,michaelcarter@example.com,2024-07-18
2d5e66cc-48b4-4fe1-a148-e684241f09bf,Tina Bradley,zlopez@example.net,2024-12-07
98ab67e3-a953-4110-89ee-12b9e1a8da04,Darryl Lara,riversmelissa@example.com,2025-04-29
f22a706b-3ec9-45d8-ae78-f1790bec837d,Benjamin Neal,jay66@example.com,2025-03-13
db594a3a-76e2-4480-a912-146a5b29ac6f,Andrea Fowler,garciaangela@example.net,2024-11-18
fc324737-d646-40c7-94f1-73fd66208519,Vicki Schmidt,kathleenmartin@example.com,2024-06-15
ca0a076a-0072-4332-aa0b-5a9044317f6e,Marie Martinez,kentlogan@example.com,2023-10-19
7ad565ba-66ad-4dfa-a1ee-348a189ebb41,Crystal Walker,jennifernelson@example.org,2024-03-14
ee11d38f-db20-4f3d-b8c9-eea68fc810fe,James Thomas,sharpdaniel@example.com,2025-04-22
96be1ef6-9713-4e65-8412-d27499784838,Shannon Bruce,victoria69@example.com,2025-09-18
eccc448d-d793-4674-ae5e-959254a53719,Abigail Yates,gklein@example.com,2024-01-13
0b903155-a442-41ad-850f-7701a7360a1d,Robert Galvan,masondebra@example.com,2025-08-15
3712f4f4-5b14-4885-b99e-a7f9cf39bf1f,Tracey Carter,gsmith@example.net,2024-09-20
485bf05d-3815-4b33-8c18-554cf462b646,Matthew Haynes,catherine84@example.org,2024-10-12
0aa1a694-b10b-405b-a1ba-fb705a8c08d6,Jeffrey Carpenter,cheyenne28@example.net,2023-10-28
49d0b243-6cbc-4273-a50c-ef3b86ee2d8b,Kimberly Martin,whitney52@example.com,2023-12-31
e5ac4d3b-5498-43c1-8066-7e1a11116b94,Robert Garcia,james77@example.net,2023-10-25
f8c9e906-fea9-4b89-9fa7-3d90f82535ac,Anthony Watson,cstewart@example.org,2024-06-01
b19243d2-35d5-4128-9664-d59edcb51324,Benjamin Abbott,brittany16@example.net,2025-05-01
d2aad3ec-c48b-479f-8b58-9c8e92d0adfe,Vanessa Villanueva,charles09@example.org,2025-08-03
6209dfa2-bb61-4742-886a-a815e2306a9e,William Thomas,wrightscott@example.org,2024-09-27
a64c6373-c810-46d0-a5c9-6661cf9710a7,Michael Burgess,shannonalvarado@example.org,2025-01-09
8746c505-d707-43ff-8ae0-4a22203a27f3,Kristine Garcia,pamelahall@example.net,2023-09-19
c50170a6-0503-4ddb-bd60-81c68c5f1a36,Erin Mcgee,iramirez@example.net,2024-05-01
f2476899-2298-43bf-9b55-06a8bb4da83c,Karla Williams,nicholascantrell@example.net,2025-05-16
8b598fc9-fed7-433c-9463-8212c9770ff5,Daniel Berry,comptondennis@example.org,2023-11-02
c2719b71-b5cf-4094-a26c-b03c63cf311d,John Tate,hmay@example.org,2024-06-29
0186a98b-5340-4d28-8478-74e164f50c72,Amy Morse,stephenevans@example.net,2025-02-21
73256fc4-546c-45fd-b14e-a9ff56706c4e,Samantha Ellis,lori43@example.com,2024-05-15
a092f9a2-f329-4545-addc-1e8145283bcf,Nancy Fowler,amberross@example.com,2023-10-03
66caf3ed-b3b5-4039-855b-00fa3954b1ba,Lori Garcia,ashleyronald@example.net,2023-10-17
8c1898d4-97a9-4438-b3ed-5201b5c964a8,Elaine Gibson,anthonyromero@example.org,2024-01-11
2796953b-0288-45b4-9358-e5246a169d7c,Tara Robinson,timothy28@example.net,2025-01-30
130e5a74-0a62-40e4-9cb4-ae9dd4f25756,Ashley Stewart,matthew36@example.org,2025-03-27
aeaa89be-f42a-4aa5-90fb-87d8fa0139c3,Christina Perez,nicholashinton@example.net,2025-01-11
9efc7f2d-7154-4b12-9e56-df151e1a954e,Katherine Williams,etaylor@example.com,2025-05-08
343ca450-ac48-40ca-80c0-22563d4262ac,Ricky Becker,berrytara@example.net,2023-11-14
290c6159-babf-43bd-92da-d16240a9a3a5,Samantha Gray,gomezjessica@example.org,2025-05-07
a176a065-051e-453a-99ce-30b68d31dfea,Michael Crawford,lcarter@example.net,2024-11-07
5d7a936f-aaa0-487a-b195-8916b8b92a2b,David Day,pfleming@example.com,2024-03-15
54ff16e1-3ec0-4fff-9d19-244dc9104a33,Philip Williams,vsmith@example.net,2025-02-07
b4039081-53e5-4d7c-9e76-eaa816419f63,Ashley Bernard,christopherbrown@example.org,2024-10-11
bb0cc48d-4e63-4b5b-b2cc-9a5cddd2b6c5,Dominique Castro,johnstoncarla@example.org,2025-09-11
45446f51-c939-45df-be48-d3d45afc7fb5,Julia Taylor,kenneth59@example.org,2024-03-01
d8793354-5249-4844-8312-31ace7540e00,Jennifer Wells,zflores@example.net,2025-05-08
1bc2dbed-d808-4196-b7cc-69cda2f4b0a6,Patrick French,perkinsmichael@example.org,2025-07-25
cd190014-11bc-4037-adcd-9710d679e781,Amy Clark,anamoore@example.com,2024-05-18
4306b327-b74a-46a2-927b-83e30dee790f,Connie Ray,zwheeler@example.com,2023-10-05
f64942cc-2553-48f3-8ebc-61eba84bc7c0,Anthony Dyer,jordan39@example.net,2024-06-01
677e074e-12ed-4c1b-826f-24371999306e,Gabrielle Harrison,dennisamber@example.com,2025-04-15
487c2428-4304-41c4-b608-b08d8da1c44d,Elizabeth Brown,zlopez@example.com,2024-02-17
6972c43a-79e3-467d-9fbe-3ee328e0027f,Valerie Oconnor,cynthiagrant@example.org,2023-09-22
48941ec9-96b4-4ff9-8f9c-58b64b0ae56a,Donna Brown,megan03@example.org,2023-09-24
8d5a83dc-52d9-46a3-8117-a074dc101479,Curtis Martin,gabrielholmes@example.net,2025-01-05
3ff0af06-685e-46db-b6ef-b20a030d6674,Kimberly Mcmahon,quinnmarcus@example.org,2025-01-30
ae6690b5-3d92-48f1-b3fa-f513a151e742,Hailey Buck,vwalker@example.org,2025-03-02
a54d89c8-333f-4870-b4e1-7541912a1fa5,Brianna Hamilton,michaelwilliams@example.net,2025-03-18
437eaea2-98c8-4072-8191-a7b89d2c9f92,Monica Norman,ramirezfrank@example.org,2023-12-19
2d5645b1-abfe-47df-aa81-e0c53ea873b1,Ryan Hopkins,omar67@example.net,2024-11-01
0f1eafba-5fff-4af7-b471-0adaec57235b,Cole Guerrero,morsejohn@example.net,2024-01-08
f0bb81a2-d7a9-4389-baa2-4ec12365fe51,Christopher Ramirez,ashley57@example.com,2025-07-26
a2d5e539-adc8-4068-b770-2e5f44265fbf,Mark Koch,martinezsamantha@example.net,2025-07-16
166f36c1-ca15-4f01-8bfc-c06e02873ddf,Emma Barnett,johnsontina@example.com,2023-10-21
f2ac06ec-94f5-48ea-bdc1-82864bcbeefc,Bryan Hansen,christine88@example.net,2025-08-11
7e79bdae-3d69-4c0f-9d82-5633a8e58941,Kenneth Snyder,bartlettdaniel@example.net,2024-02-17
994631c3-8c32-43f4-a164-4337be666226,Kimberly Cabrera,watkinsshirley@example.net,2024-03-26
664ac633-8334-467b-a19b-92ac70cb9b27,William Weiss II,nathan97@example.org,2024-04-17
56e9dfa9-7fe5-4def-b8c3-5f307de9b895,Angel Wood,marthapowell@example.org,2024-06-29
936e46de-d4dc-4a15-83a9-2e70482618c9,Colin Norris,tuckerchristian@example.com,2023-10-04
5b315d27-aeef-4454-9aaf-18420a6cc55d,Jodi Bradley,xferguson@example.com,2024-01-09
17c27bb6-ce6e-4cce-baa0-a5886a6bf146,Anna Mcdonald,teresa47@example.org,2025-08-19
17c8759b-0038-44f5-9f5b-23b9dd70ff2e,Miss Sara Ray,betty76@example.net,2025-08-08
038dcdbf-7907-4015-afc6-ce4cf1a800a0,Jeffrey Warner,troy16@example.com,2025-07-06
3b3be4c6-9111-4040-8d2c-d13556cc3f80,Tony Clark,rsmith@example.org,2024-06-28
447a537e-7d30-4234-aa2b-3a3796526786,Richard Moody,reneesalazar@example.net,2024-08-12
fc0fba88-bdb2-4bad-9455-8e2d75c7287a,Erica Molina,karen87@example.net,2024-08-02
798636dd-e331-451d-bba6-dadc0004ac4d,Sharon Molina,davidbailey@example.org,2025-07-13
5c8f71a5-0e1a-40dd-8148-99b4456614f6,Haley Stone,ruizbrian@example.net,2023-10-22
5251f2c6-c47f-47c5-a0a7-71b34fc69f78,Sheri Smith,jonathan46@example.com,2025-07-25
d9d81c1f-a40c-4c1a-a42e-955d968922b9,Christina Powell,calvindavis@example.com,2025-06-30
d409fe15-0c4a-427b-8e07-054bf4241a18,Matthew Allen,sarafrazier@example.net,2024-12-09
b138be92-a739-458e-9a89-d66e197cffd5,Guy Ramsey,wyatthaney@example.net,2023-12-20
9fadba98-fcd1-4b86-af6c-c602abce0fac,Nathan Brown,tiffanyramirez@example.net,2024-12-18
9c23af11-1f4c-44ee-b3e2-ff0f4aa58ac1,Jackson Obrien,stephenlyons@example.com,2025-02-05
8854e40d-8fc5-4591-bde6-cde452978107,Jennifer Maldonado,jamie25@example.net,2023-11-24
8ed6571f-afed-44b0-9f75-ec9a73dc2cd1,Kristen Hicks,mitchellvanessa@example.org,2023-11-02
575206a5-d2a9-443d-87e7-60958a81de5b,Devin Haney,andreaharris@example.org,2024-04-03
f9cfa94f-abca-48db-bdd8-7cd31f69b7e7,Kelly Bullock,mmorgan@example.com,2025-05-03
3fe907e3-f8aa-4d45-a76b-49b81b32da39,Billy Johnson,kylecollins@example.org,2025-02-12
2b885ba4-b4e6-4a28-984a-db58834663af,Amanda Simon,gmurray@example.org,2025-05-07
401dc3b0-6663-460a-b9fa-538de363de2f,James Brady,nalvarez@example.com,2025-08-21
4efd9547-6efc-4eed-88ca-13341d06ee67,Angela Holden,carpenterbryce@example.net,2023-10-23
65c1d4a2-1e2b-43d8-b0a9-3bae36aade8a,Ronald Franklin,coxstephen@example.net,2024-09-22
8c99c67b-7d41-449a-a269-79bd87cf78be,Kevin Montgomery,krogers@example.net,2024-01-04
a9af04c2-3579-42e9-8ecf-146b9a91d7fb,Hailey Smith,bryan79@example.com,2023-12-21
1b634833-e652-4788-8480-820ede3e1a25,Laura Rios,nlove@example.org,2025-03-26
642cb1d9-43a1-43b3-8877-80f2f9702ffa,Vicki Cannon,cynthia60@example.com,2024-08-18
d26f2465-c7a9-4de3-9713-b8bd8c48e1d3,Carrie Sanders,aaron72@example.net,2023-12-31
b07fac39-51f4-4dff-8904-896fb427f018,Elizabeth Smith,garciamike@example.net,2025-02-18
44b2fc0e-a231-4c48-b7c7-dd329dafa065,Carolyn Morgan,fwilliams@example.net,2025-07-11
4e3c4045-726c-43bf-83bd-a4f0c56edfaf,Melissa Berg,kristen06@example.org,2023-12-29
0d7cbf41-5698-44e8-9689-d5297a3f6110,Jerry Silva,andrea91@example.com,2024-04-17
09987239-aca2-46d9-b308-1c2873d5c711,Ryan Wood,crystal93@example.net,2024-04-11
25370938-a555-4bb3-a7df-2a900239f26e,Dr. Rebecca Hicks,jamesrodriguez@example.com,2024-11-21
d0eea6ff-5493-45d9-9d7f-f2acdff6b246,Stephanie Allen,alyssaeverett@example.org,2024-11-21
b64f6b65-2bdd-4029-bc1b-5c69b43e3117,Kyle Barber,cynthia10@example.com,2024-02-19
1fe8c65b-d51a-4d9b-910a-7eb3c69f1b3b,Dr. Michael Reynolds,sarahhughes@example.com,2025-05-07
c16abac9-8fc0-48ac-b517-07f92bbc8174,Teresa Buchanan,fsmith@example.net,2024-04-02
51801951-5c53-43f9-92a8-f56c7a6201ab,Shelia Campbell,shannonrandall@example.org,2023-11-24
63aaab46-69a3-4217-805f-9cef67c2599b,Bradley Mercer,skinnerharold@example.com,2024-04-02
7bdd0bd6-2e5a-4813-b011-2cd43356e86b,Stephen Cline,carneydavid@example.org,2024-02-02
7377e97a-be7d-4e40-aada-b58a50b5130d,Tommy Vasquez,rhoffman@example.org,2024-03-14
d6a266b8-305c-4ba3-a879-5ea6cff56974,Mary Berry,ywolfe@example.net,2024-10-21
f169f5a3-c46e-43d4-beba-2645d8f42dd0,Kimberly Cook,vpark@example.org,2025-05-27
36080305-21e9-402b-a71a-d61e2efdb1a8,Patricia Walker,stephensoncynthia@example.net,2025-01-02
3170cf27-2514-419f-a28f-c7b8b76bc3cc,Marc Neal,powens@example.org,2023-12-13
2ed8f092-fe63-49f1-be0a-1c890e53442e,Dominic Brown,sjones@example.com,2023-10-08
4c4889d3-ec25-410b-9f1a-0a3b9867d9c5,Shelley Davis,dsalinas@example.com,2025-09-02
46ca3cf9-d33d-4e4b-832a-6109ce08f0df,Rebecca Martinez,timothy49@example.org,2024-09-30
a04cb76c-7774-48b7-b622-a7d50193c665,Garrett Trujillo,hudsonjuan@example.com,2024-09-19
3a7a2491-218f-4f54-a68f-0e06998bac57,Susan Cooke,shane76@example.com,2023-11-21
26c06d7c-5865-42ec-9bf8-09e479776679,Crystal King,uwhite@example.com,2025-01-05
b4a9d941-60fa-4f5e-a0c2-2e7e96f6a654,Jessica Moore,nancycantu@example.org,2024-11-18
c6702e64-811b-421a-a35d-46871a9ad291,George Goodman,ttaylor@example.com,2025-03-25
3d40e51d-c342-4e1f-8251-7b2b46094d35,Jonathan Massey,antonio32@example.net,2024-12-01
e679f8f1-0095-4bd7-86ed-a9e121afc287,Jessica Frey,nicole18@example.net,2025-01-14
fa4925a1-aa22-41e4-acf4-8f1676b8c9cd,James Johnson,aforbes@example.com,2024-02-15
2d12bd3f-f383-450c-a58e-0018d1a9a57a,Kenneth Lewis,coxjesse@example.net,2024-10-31
eeb18ea5-b3c1-4eb8-b6fc-7825affc5efe,Paul Williams,cookmichelle@example.org,2024-01-10
33471596-6034-4244-b3f7-fb848191f536,Tricia Rios,perezdonna@example.com,2024-09-07
b489ead8-5597-4b23-bf80-fe0ea68fdc39,Brandon Cook,smalone@example.net,2024-01-20
4f71e01d-7d96-4d5e-b370-363702fa7e48,Kaitlyn Torres,othompson@example.org,2024-05-10
d23e0510-d0ea-4c76-8c8c-f9e03c980b6c,Brandon Gardner,derekdavis@example.com,2025-07-02
d74a098d-da6c-4eec-9d81-f347948560bd,Mrs. Laura Ingram DVM,carolyn06@example.com,2025-08-02
61abfc41-b264-440a-9a48-d65a7b45413f,Michael Scott,matthew33@example.com,2024-09-23
a6ac4f06-b59d-4be6-a1fd-0fb81b750b09,James Mitchell,michellenunez@example.org,2024-02-03
61654c4e-7d19-4af6-a8a5-ec8919e74a71,Gina Watson,wheelerashley@example.org,2024-08-12
cf29698b-e964-4ec6-b0cf-906569cc90e1,Angelica Thompson,lindavincent@example.net,2025-01-14
f55350d7-cbcb-4f33-a9a5-ff91e28a0dd2,Daniel Herring,michael15@example.com,2025-04-19
40386427-dd0b-4c8f-8814-2910bdde2bb7,Donald Martinez,wjackson@example.org,2024-10-12
fa14454d-2783-44e0-b37c-6567d47b7bc4,Brandon Hess,michaeldecker@example.com,2023-11-27
0cb77934-0dca-4959-84d3-734cac574b6c,Tiffany Meyer,rkirby@example.org,2025-04-05
ceadaeda-d001-459f-8409-2ee399b88737,Marissa Moses,elizabethsanchez@example.net,2025-04-15
0a6559a5-1771-4927-8eb7-cb56afbd55f9,Tyler Cooper,diazroger@example.net,2024-03-19
8d01839e-acde-4006-bf31-fef21b2ea108,Edward Sandoval,susanross@example.com,2024-05-21
0eeb23c4-05c5-4adc-95e0-a19b0405ec98,Lorraine Davidson,carolyn48@example.com,2024-10-17
48d09623-2c7d-4290-b12e-952801660b50,Joy Fisher,joseph28@example.org,2024-05-10
a82a6afd-238c-493d-b09d-cec64110023f,Brian Rodgers,david41@example.org,2025-03-07
03a976b7-c698-4553-a7ee-ca3f8b0741da,Robert Cortez,boydseth@example.com,2024-04-16
93a2a20d-02e3-4134-8aaf-1727100917b9,Zachary Bennett,rossmatthew@example.net,2024-11-11
720616ce-5d0c-4ec6-a638-bd0b65430be7,Jennifer Briggs,theresajohnson@example.org,2023-12-25
1bca6167-beb9-4351-8abd-6ba552d3b90d,James Weiss,williamgarcia@example.net,2024-11-04
8ac1418d-8d72-4e9f-bcff-34ab4a0d8ab5,Mark Cooper,griffinashley@example.com,2025-02-27
7c84c12b-1d59-4c58-8b8b-ebaf5b735ed7,Patrick Burns,urobles@example.net,2024-06-04
ee47844a-5f35-4b8c-a3aa-5ec9607ba106,Derek Coleman,christianward@example.net,2024-01-18
32b5e02a-05fe-43b1-a4e8-c374cd9717b0,Stephanie Matthews,angelachen@example.com,2025-06-06
3e1bd16a-d6df-48fb-8431-fab320b0fee7,Anthony Allen,ecooper@example.com,2023-11-23
99aad58c-5719-421e-8e0b-9e648b25d61d,Kristopher Browning,sarahluna@example.net,2024-03-30
1e174a5b-ce2e-4318-b161-33d0b0f9306a,David Miller,taylorkelsey@example.com,2024-04-16
220b5cce-6ad0-4dbe-81f2-dfc5f74ad3bb,Miss Jessica Martinez,mendezronald@example.org,2023-12-10
c5670399-58c6-4a60-9583-e5e773fe76cf,Michelle Mason,tbraun@example.org,2024-07-11
0345edbe-6349-4581-ac9a-3a4984887312,Brooke Smith,rhonda96@example.com,2024-04-20
d3b20185-4190-4e8e-b4a9-85b9e1b836a1,Melissa Vaughn,helen95@example.net,2025-05-10
bbe96e8d-24be-45b5-88a0-097d328f9251,Amber Bird,ymiller@example.org,2025-04-05
f5b177b8-e710-486c-a8c1-ca67ebd3fc0d,Colleen Fischer,pstewart@example.com,2023-11-15
2046fb74-1d0e-4b5c-a907-cbfe1d527641,Melissa Harris,xyoung@example.net,2024-01-12
f09bfb73-f67b-44bb-bbe4-0dd4e8da145c,Edwin Santos,maryharris@example.com,2024-01-30
ba54609c-fe49-46e8-b5d3-098a061cf06a,Raymond King MD,cgomez@example.org,2024-06-12
a2e14767-5af2-4f10-8708-c7c96d658d28,Jeffrey Shields,bsanchez@example.net,2024-05-13
42005f9b-0523-4af2-82fe-7ce4f429a131,Megan Miller,dwilliams@example.net,2023-10-20
35917d89-3f80-4741-9c4b-51bf6275a0b2,Jamie Mack,alanadams@example.net,2023-12-26
061a35cf-0473-4053-b96d-c6f018c295fd,Megan Ayala,brooke46@example.org,2023-09-28
cc514fa3-a3fa-4f01-8d24-159c20249787,Michele Macdonald,sotomarc@example.com,2023-11-11
9fdc4b32-ac79-4b49-a055-2f20c1c08c5f,Justin Meyers,amanda12@example.org,2025-05-19
1ea31a0e-a154-4bfd-9f3d-c2f608d7b224,Krista Figueroa,lawsonnicole@example.org,2024-06-08
b4a090f7-154c-4e7d-a49b-832152948de1,Ryan Chambers,reynoldsjohnny@example.org,2025-07-10
04d575e0-9058-45d3-9da0-02c1c2c8fd1b,Michael Snyder,christinabrown@example.net,2024-04-10
d36c8b72-d6c5-45f0-bf37-c68e7be4df1d,Kyle Gilbert,ibernard@example.com,2024-11-28
9ffe2c27-ee2d-4dd8-b939-afec6febff1b,Autumn Anderson,jennifer48@example.org,2024-11-09
8a72fb9f-ec8a-40de-98a5-7f2af3ca111f,Michael Adams,randy34@example.com,2024-11-06
0d98f44a-3ba4-4665-8394-145d994010d8,Rachel Larson,wlarson@example.com,2024-10-16
4e197da4-c6cc-4384-b3bc-713c86f54434,Jeremy Taylor,troylewis@example.net,2024-04-17
b558bc04-7028-4e78-9a49-e8c18cf376ab,Alicia Stone,jason13@example.net,2023-12-01
73709ee0-795c-4912-a9be-45532c561e83,Kurt Flowers,usmith@example.com,2025-05-25
800ac58e-e4b2-457a-be06-eb5f90cca7de,Edward Watkins,louisdixon@example.org,2024-06-01
dea5bea9-f3f1-47e6-a22a-5e20143391ee,Eric Hall,bakerbrooke@example.com,2023-09-25
acc543fa-152e-45de-82f6-33e8c0773c90,Mr. Keith Krause,bgarza@example.net,2023-12-27
5539fd34-498c-436b-9f16-d4a8c6a4d5bf,Miguel Kelly,marcusmelendez@example.org,2024-01-23
30c28131-71f1-4d0f-a662-e48296563981,Diana Wagner,karlakirby@example.org,2024-05-13
0181f822-6953-4430-a74a-f20bb0a1a18b,George Ray,timothysmith@example.com,2024-07-11
14b0b3e0-b3cc-44e9-9e80-9ca27b0dad6a,Jose Johnson,denise65@example.net,2024-12-08
e6afe7ca-6dc4-487a-b05f-b32c9a8f93e2,Jennifer Arnold,melindadiaz@example.net,2024-11-19
86d4611c-5b66-48ef-85a5-665fa635d317,Rebecca Fernandez,harrisonjohn@example.com,2024-01-21
d2bf6f19-942f-44ad-a9c7-94c76e2454e1,Jonathan Mccall,zmcgrath@example.org,2025-07-26
c1c468d6-662b-4978-a1f5-71db0427d5d5,Dylan Porter,pkelley@example.net,2024-10-18
befc032a-2952-4294-a6da-ffa7c4e89d1f,Kaitlin Wilson,april46@example.net,2024-04-13
70ffdfec-b301-40a6-b577-4b8a96a72a72,Katrina Vasquez,matthewhickman@example.com,2024-04-10
44ceb36e-2314-4478-89ee-1df568dbc149,Joshua Hart,karen21@example.com,2024-09-23
344d557f-6c7f-48a3-8a16-115f30d42b62,Jason Ramirez,john33@example.com,2023-11-05
55967faf-ddec-4ff1-bb7d-6995f7a5af02,Dylan Bush,webbdaniel@example.net,2024-11-01
93d98a7a-8cb6-40a0-a99e-58be7bde0a05,Jessica Kline,hparker@example.org,2024-03-13
a5674127-2e72-4570-a477-da99ca3dbbd5,David Roberson,timothyward@example.org,2024-02-03
078bd15e-849f-423d-bb44-22ef378994a4,Jerry Guzman,kevingray@example.com,2024-10-05
56577e9e-5da1-4ae7-96b1-468865aa9844,Katrina Vaughn,markwagner@example.net,2024-06-05
8a261359-7411-43de-bd3e-f51691fa4ba5,Kathy Vargas,schwartzheidi@example.com,2024-04-07
9bf41353-a4ff-48e5-bc32-e73d8a2706c0,Tyler Allen,danielle07@example.net,2024-03-27
510f9f8d-37f1-470c-a055-91a27217e902,Dana Hernandez,glenn21@example.com,2025-04-03
59f45338-02ab-4690-99d7-9ec7d60abdee,Paul Johnson,michael88@example.net,2025-04-16
0d6b61c9-248d-4f7b-ab6c-493260424371,Jimmy Evans,sharon56@example.org,2025-01-01
1391cc1d-e7dd-46b3-be3a-d7eab1818112,Janet Carter,jmendez@example.com,2024-11-06
99a5dab8-c88f-4906-b438-1ef7c771f850,Scott Waller,joneskathleen@example.org,2024-06-08
463a77ec-14fe-472a-8729-35647bf4b78d,Dustin Ramirez,courtneyjohnson@example.org,2024-04-06
4b2e4721-ed19-453a-a567-47b56993f352,Kyle Day,goodmanjohn@example.com,2024-04-09
cc3becf1-22d3-4f28-9c4e-1c5865ae1bcd,Brittany Williams,hkennedy@example.net,2024-01-07
00708249-2b07-4beb-801b-ab5aa9d0ee04,Leah Pittman,pennyobrien@example.net,2025-06-09
bf15da69-7189-4032-b2c4-11d05b58f5b0,Kaitlyn Tucker,dbrewer@example.com,2025-07-02
dc25b995-3736-43c2-90d6-d81ac2f158c2,Kathleen Berg,mramirez@example.net,2025-02-19
e245ca44-3418-4a76-9501-57bc661ccca1,Robert Fox,davilaronald@example.net,2024-08-12
a96cbdcb-2af7-42cf-8ba7-8dcb10c8c947,Michael Mclean,garrettcoleman@example.net,2024-09-06
4f83d51f-7f8d-4306-9c46-ca2df6b9a85d,Taylor Hernandez,ybrown@example.net,2024-11-07
118336f7-42f7-4092-8c6b-9d64f8dad80e,Derrick Barton,allenjennifer@example.net,2023-12-22
7e2fb2ea-93cc-43fe-bb8d-32863e154c8b,Nicholas Young,kimbrenda@example.net,2024-02-11
49bd7a03-c56d-4997-a8ba-23e95b2a5022,Jennifer Singleton,johnboyd@example.org,2025-03-11
fd5deb22-5c94-42e7-9cbf-3150c7b4a3fc,Michelle Mccormick,epearson@example.net,2023-11-07
abd6dbe1-3d39-43af-b144-4a635addc1db,Bruce Lynn,amandawilkins@example.org,2025-06-16
6bce9edf-dd1c-4a6e-b6b3-26543c5abc0d,Gary Brown,amanda33@example.org,2024-10-05
76250656-4a35-4f1e-a48b-ce241eb0e3a5,Justin Lucero,nmay@example.org,2024-03-05
bcde067e-3961-4002-97b7-d72b94fb53e1,John Barnes,michaelmassey@example.com,2024-08-21
0787eec4-fd4d-4604-b7ff-bec4254b7e80,Todd Clark,dbarron@example.com,2025-07-15
1b235250-0528-46c9-bd3e-67a82bafe6f0,Jacob Robinson,gmcdonald@example.com,2023-09-22
3e6a4a16-4c7b-42bd-a866-1f46a73c10cd,Jacqueline Day,qsmith@example.com,2025-03-22
08e4b86f-a304-446d-9b0f-5282cad76a23,Bethany Walton,watsonarthur@example.net,2025-02-09
ccb10eb9-f11c-4bd7-bde4-0b4fc744f85a,Phillip Dorsey,robert50@example.org,2023-12-08
b8e1dc8e-f25a-41a6-926f-074f00bda43a,Dustin Mercer,vmccullough@example.com,2025-05-06
45f3f2e8-9e8f-4d51-a80b-4e46de1de863,David Lee,bryceharvey@example.net,2024-01-01
713dadec-383f-4e44-a53d-66e2dcea074c,Maria Potter,smithrachel@example.org,2023-12-12
209ab65d-b3c5-44e2-b023-e5da151f8eb9,Elizabeth Williams,scottgarcia@example.com,2024-06-02
9448b9c1-3989-451c-bb73-0a92d02f6fb2,Julia Oliver,jessicapope@example.com,2024-03-11
256b6569-0ab9-421e-b8fe-96bb4afc2465,Thomas Mitchell Jr.,ghowe@example.com,2024-08-27
c92077e3-4b5f-435c-aa91-512cddf53fcb,Jacob Boyd,eugenecoleman@example.net,2025-06-19
512dc6fe-a074-4935-8b68-8e08b0275ca2,Julie Mcmillan,kellyjones@example.com,2025-02-07
18c66502-fe23-4339-8999-afc7e7055957,Jill Perez,anthony69@example.com,2024-08-08
9e225fe7-29a1-4463-8503-cbb438659da8,Matthew Ramos,ballmarcus@example.org,2024-11-16
4381a038-09ba-4208-96ac-91be09bfda1a,Duane Love,john81@example.com,2024-05-07
86b7fbd4-30e1-4c26-b558-297b53acdc3a,Derrick Griffith,laurenlewis@example.net,2025-05-26
7fddc64e-786e-4bd3-aff6-ab5f0322f5c0,David Rangel,gallaghercourtney@example.com,2025-07-27
a6f0811e-a205-4df3-ab55-2a6588c4d48b,Wayne Keith,morganwilliams@example.net,2025-04-17
442b9e97-93ac-4fc6-9bee-163fbc3405cc,Keith Dickson,vicki70@example.com,2024-11-28
e2b7f6d3-f749-4a27-a8fc-19076216bedd,Katie Le,jamesford@example.net,2024-08-17
79d30940-3173-4fd4-91f9-5cfc23143928,Sabrina Drake,veronica60@example.com,2024-04-08
f4d081ae-494d-4195-8c88-dc4f39f3e703,Nicole Sanchez PhD,richard69@example.com,2024-11-14
2ffddd59-2174-4c5e-ab3c-09c7004acc1b,Rebekah Carter,latoyaallen@example.com,2024-01-10
ffb1f830-586a-44c4-bd5b-b9355ae941bf,Daniel Bradley,stephen21@example.net,2025-01-24
b7165b9b-7176-4288-947a-8bd4c51dd797,Edward Gonzalez,nicoleramirez@example.com,2023-10-31
9b363803-e9d9-4e85-a7bb-f1e90f1c7856,Eric Lowe,sandraross@example.com,2024-11-26
f82c55dc-316f-4cb1-b169-dafa8b9c5ff5,Michael Tran,gbauer@example.com,2023-10-17
1d3bc60c-ee87-4965-8e89-df597ec0e024,Brandi Flores,nicole23@example.com,2024-07-22
4961ee95-47be-44bf-8cf4-3f34ac674d04,Sarah Brown,joshua54@example.org,2025-08-30
dc7cbc13-e4cc-41b1-aff3-4e4b9fcdef54,Eric Torres,donna10@example.org,2024-02-06
15cde261-1dd8-4f4a-8762-1f73a5d511ac,Pamela Ayala,andreastone@example.com,2024-05-30
519c8050-b2bb-4685-91ac-802075d187ba,Mary Foster,anthonyburns@example.com,2024-09-06
84b6186e-e12e-49c7-896d-5dd61bc72ffd,Misty Harmon,vmurphy@example.net,2024-06-23
7abe6783-fac9-4272-a4fd-a527bf4651a9,Christine Flores,rbaldwin@example.com,2024-07-26
30cdbe9d-13d9-49aa-b3a9-95b149e843a6,Kristine Sanchez,sarah86@example.net,2024-12-14
f6682717-665f-46d0-ba89-92f1237aabc2,Matthew Mitchell,ijenkins@example.net,2024-08-01
605c8bfa-641a-49b6-bfb1-2889ff67c460,Shannon Cross,diana94@example.org,2025-04-17
5687eb76-7159-40a3-8ee0-ecd8c174cec4,Rebecca Wilcox,montoyameghan@example.net,2025-07-20
380b5660-edc1-4f74-85d4-3f4a5e8dc17b,Dale Green,cookmatthew@example.org,2025-01-13
aed5776d-d671-4337-873c-b6b5c2e68c82,Robert Cobb,tylermiddleton@example.org,2024-07-30
928cbda2-457c-4db9-a0db-f1cef982a0f1,Anthony Gray,pettychristopher@example.com,2024-06-18
47b27c67-c99e-48ae-900e-da01dff80dd5,Claire Strickland,brandonrobinson@example.org,2024-02-16
75360487-0654-4614-8c3f-5e0718564ad1,Jennifer Garcia,richardsoncurtis@example.org,2025-01-25
3207150c-f649-4007-8e38-b8c2d6b14515,Miguel Snyder,grosskara@example.net,2025-08-13
98976ab7-3c75-4c88-9cce-e4d32a6f9ffd,John Farrell,stephaniepitts@example.com,2024-04-15
4cd4b4a6-9919-4b81-bd89-72ad2cb4c5d9,Mary Turner,vgilmore@example.org,2025-07-09
4f4230d9-2d1f-4e00-8f54-b22a33914b87,John Murillo,zacharycarrillo@example.org,2025-01-01
030d6f30-ec46-4f29-9c8e-4fbb783f002e,Dr. Donna Hamilton,uellison@example.com,2024-01-23
57095ef5-bfd9-4d81-9a0d-1ed51251867f,Jerry Perry,barneslisa@example.org,2023-11-16
b6426dc1-ff26-4f7f-a399-f73836c45e1b,Erica Henderson,lellis@example.net,2024-03-04
b1945635-75e5-4cf2-b5ef-13313419a670,Christina Miller,nicholejennings@example.net,2025-09-12
1bb517b8-1906-4ab9-884a-1999dece320f,Jason Carr,wrightjamie@example.org,2025-03-22
0500a38e-3fbd-472a-8c75-ae730170a812,David Miller,teresa61@example.org,2023-11-01
bc5b2d27-bc51-4f90-9bb2-41c30d2785d3,Sara Kirby,stevepowers@example.net,2025-03-30
a5022eb9-d7f4-4281-98fb-9ee9b50dd2ec,Monica Shaffer,figueroastephen@example.com,2024-09-17
07f413ce-488e-436b-aaed-49770193cdbf,Krystal Scott,austinmejia@example.com,2023-12-14
cd79b59d-31b3-4209-843e-fb5b61116536,Jennifer Moore,peckanthony@example.org,2024-01-25
024598c2-169e-484f-ad43-dfd6554aaca7,Anthony Hill,pwise@example.net,2024-02-29
1e3d6a26-1471-4c56-9b9b-6a4accc27b8d,Wendy Black,kmurphy@example.com,2023-10-30
e5ca898e-0c1d-404e-aa18-7debfbc39149,Beth Patterson,gpetersen@example.com,2025-08-31
d53a6f11-d59f-4b54-b8b2-f6d266901c25,Paul Young,heather48@example.com,2023-12-09
11011bee-37b9-4f4d-a2f3-b839eab07eb8,Tony Waller,brusso@example.net,2025-04-28
66163b88-62cc-4c51-b355-5b5b1477d90e,Cheyenne Winters,samuelhood@example.com,2023-11-06
2e7c92f9-f168-4b12-b929-10de99b8274f,Samantha Harris,michaelromero@example.org,2023-12-11
71743a18-fa74-42c8-8c4e-f16ecd14912d,Sarah Sanchez,matthewcook@example.net,2025-04-17
d0df85a7-476b-496d-b6e1-8bc920e036ab,Carolyn Young,haguirre@example.com,2024-11-24
8a09390a-3973-4403-962b-d5b975393232,Tammy Atkins,brendastephenson@example.org,2024-05-21
cb451db1-c5ee-4ead-9dbd-0f12907b6d4c,Denise Silva,cherylaustin@example.net,2024-06-27
dd6195cd-6be7-45d7-8e9d-4aa4bfe9cca5,Judy Smith,aguilaranthony@example.org,2024-08-06
c3e26110-8ba5-4f63-899f-f200c1e057f4,Aaron Chavez,erogers@example.net,2025-08-01
5edb7615-bdd0-4249-bb3a-059b3f008882,Jennifer King,yknight@example.com,2024-11-06
56186c1b-92c5-40ef-b7eb-11761f2bee1a,Hannah Rice,joshua61@example.org,2024-12-31
e5819de8-940c-44ef-8eb0-4a71b59f2e49,Jennifer Stevens,danielrose@example.org,2024-08-04
4e9e8e45-e7c9-4082-bad1-3aa2456e574f,Chad Taylor,joel78@example.com,2024-06-12
452a6192-e08e-4a97-b701-1cecec74faf3,Cheryl Williams,rjohnson@example.org,2024-08-04
